active_guide_count,assignment_path_sum,boundary_valid,config,coverage_ratio,crowd_distance_pinned,crowd_span,deployment_length,environment,episode_control_steps,episode_final_tracking_rmse,episode_status,extra_steps_if_linear,failure_reason,final_assignment_max,final_assignment_mean,has_episode_trace,initial_assignment_max,initial_assignment_mean,initial_tracking_rmse,last50_mean_speed,last50_projected_frac,last50_velocity_sat_frac,max_target_displacement,mean_applied_speed,minimum_guide_crowd_distance,minimum_guide_guide_distance,minimum_guide_wall_distance,nominal_sat_frac,periodic_max_arc_gap,rmse_drop,rmse_final,rmse_initial,rmse_last50_drop,rmse_last50_rel,rmse_min,safety_infeasible_steps,safety_projected_frac,safety_projected_steps,scientific_success,seed,shape,stop_reason,time_to_10pct,time_to_50pct,timeout_class,tracking_error_nonincreasing,velocity_sat_frac
10.0,50.0835296636509,True,square_circle.yaml,1.0,True,2.9631669898562993,23.087672895620187,square,108.0,0.0049705629291665054,CONVERGED,0.0,none,0.011380314883564842,0.0029655106493846994,True,8.227283075319876,5.00835296636509,5.319061737481969,0.06742943765694011,1.0,0.03,0.0,0.3863063617774939,0.8500000009999996,1.599726417203692,0.8741417305897266,0.3387345679012346,2.30876728956202,5.314091174552803,0.0049705629291665054,5.319061737481969,0.8080858348279958,0.9938865705467936,0.0049705629291665054,0.0,0.5740740740740741,62.0,True,105,circle,hold_window_satisfied,66,31,not_timeout,True,0.3387345679012346
10.0,60.98183526771223,True,square_circle.yaml,0.9986111111111111,True,3.0907011636278248,23.10214158400487,square,98.0,0.0030471069714472433,CONVERGED,0.0,none,0.006351416664930764,0.0024713975002801565,True,7.242347384825435,6.098183526771223,6.180062953821284,0.2374619214607817,0.38,0.145,0.0,0.5183970612102532,0.8500000010236297,0.8282217850969864,0.28124818304710075,0.46598639455782315,2.3102141584004876,6.177015846849836,0.0030471069714472433,6.180062953821284,1.5885717159114527,0.9980855296961567,0.0030471069714472433,0.0,0.19387755102040816,19.0,True,102,circle,hold_window_satisfied,61,32,not_timeout,True,0.46598639455782315
10.0,40.601045571092236,True,square_circle.yaml,0.9986111111111111,True,2.9491262878170312,22.77943243285492,square,94.0,0.0035286863911023606,CONVERGED,0.0,none,0.009562266471721453,0.0021086810406159406,True,6.862888894207361,4.060104557109224,4.449711534001721,0.10300520779788014,1.0,0.065,0.0,0.3598211539133963,0.8500000010000115,1.8527196473436427,0.3804322822451027,0.3067375886524823,2.2779432432854936,4.446182847610618,0.0035286863911023606,4.449711534001721,1.0896438319250135,0.9967720681484585,0.0035286863911023606,0.0,0.6170212765957447,58.0,True,101,circle,hold_window_satisfied,58,27,not_timeout,True,0.3067375886524823
10.0,46.40072591088027,True,square_circle.yaml,1.0,True,3.046252757855857,23.45066870106954,square,94.0,0.004449439035227156,CONVERGED,0.0,none,0.011731163297366214,0.002625578428091294,True,6.86564978736844,4.6400725910880265,4.77202763499439,0.11155759942041717,1.0,0.051666666666666666,0.0,0.4160977196578201,0.8500000011643283,0.9119451811642105,0.29389199599721777,0.37056737588652483,2.3450668701069546,4.767578195959163,0.004449439035227156,4.77202763499439,1.008341589411289,0.9956067550854474,0.004449439035227156,0.0,0.9361702127659575,88.0,True,100,circle,hold_window_satisfied,56,27,not_timeout,True,0.3324468085106383
10.0,50.65466784329048,True,square_circle.yaml,0.9986111111111111,True,3.0139587646973167,23.474424314861906,square,91.0,0.002862748339513091,CONVERGED,0.0,none,0.006768849115761152,0.002077192115813708,True,6.58279689810828,5.065466784329049,5.278446069572036,0.2201184732543638,0.8,0.15,0.0,0.46374252710623043,0.8500000010000268,0.8201283748432605,0.6510528283766668,0.4075091575091575,2.3474424314861935,5.2755833212325225,0.002862748339513091,5.278446069572036,1.6565483597671438,0.9982748408001321,0.002862748339513091,0.0,0.43956043956043955,40.0,True,103,circle,hold_window_satisfied,56,29,not_timeout,True,0.4075091575091575
10.0,57.71251449992051,True,square_circle.yaml,0.9972222222222222,True,3.0352372515572053,22.856457435811777,square,119.0,0.005465147931268018,CONVERGED,0.0,none,0.015287994428501808,0.003042125880330788,True,7.893785090137674,5.771251449992051,5.922134718940457,0.06914964038132944,0.9,0.016666666666666666,0.0,0.411944927819381,0.8500000010000018,0.849113815496044,0.3704334813888568,0.3858543417366947,2.2856457435811777,5.916669571009189,0.005465147931268018,5.922134718940457,0.778623036049639,0.9930299320370818,0.005465147931268018,0.0,0.865546218487395,103.0,True,109,circle,hold_window_satisfied,74,34,not_timeout,True,0.33753501400560226
10.0,44.60946177455891,True,square_circle.yaml,0.9944444444444445,True,3.041180790784931,22.859144288865345,square,104.0,0.0013514488350073453,CONVERGED,0.0,none,0.003732910711208346,0.0007364076939233406,True,7.875520641908819,4.460946177455891,4.994212046454306,0.09184619148519729,1.0,0.04666666666666667,0.0,0.35739416923166156,0.8500000010000007,0.8745858051116796,0.5404508768245289,0.30849358974358976,2.285914428886535,4.992860597619299,0.0013514488350073453,4.994212046454306,0.9517680096293455,0.9985820782242922,0.0013514488350073453,0.0,0.5288461538461539,55.0,True,106,circle,hold_window_satisfied,64,32,not_timeout,True,0.30849358974358976
10.0,45.75631420654165,True,square_circle.yaml,1.0,True,3.0721719275932284,23.268968110336097,square,115.0,0.0014906656016279894,CONVERGED,0.0,none,0.003617532989693389,0.0009052156275253449,True,6.962402465468562,4.575631420654165,4.8200458147844465,0.05489882338388661,1.0,0.006666666666666667,0.0,0.34130691845198274,0.8500000009999998,0.6000075286149339,0.7763871741058663,0.3130434782608696,2.3268968110336115,4.818555149182819,0.0014906656016279894,4.8200458147844465,0.7010137826229526,0.9978780695191393,0.0014906656016279894,0.0,0.9217391304347826,106.0,True,104,circle,hold_window_satisfied,73,30,not_timeout,True,0.2391304347826087
10.0,41.670970184938355,True,square_circle.yaml,0.9972222222222222,True,2.996261659758894,23.161435080594707,square,93.0,0.002317504452897982,CONVERGED,0.0,none,0.005346898189149183,0.0013862391044608842,True,6.773813366741056,4.167097018493836,4.618324069005635,0.153019885164158,1.0,0.08,0.0,0.37650179853195065,0.8500000010000026,0.8702030021093042,0.4554619787632781,0.3270609318996416,2.316143508059472,4.6160065645527375,0.002317504452897982,4.618324069005635,1.3573831626602,0.9982955774686656,0.002317504452897982,0.0,0.7204301075268817,67.0,True,107,circle,hold_window_satisfied,59,29,not_timeout,True,0.29838709677419356
10.0,49.474918221745504,True,square_circle.yaml,0.9958333333333333,True,2.9662998137996293,23.032801083094114,square,89.0,0.0041528786317616894,CONVERGED,0.0,none,0.012004938996075564,0.00236754765017149,True,6.342780099686516,4.94749182217455,5.132277493382978,0.2166088742106639,1.0,0.12666666666666668,0.0,0.4630648732424526,0.8500000010000011,0.7884511618637694,0.2889143543357882,0.40636704119850187,2.303280108309412,5.128124614751217,0.0041528786317616894,5.132277493382978,1.5416771212128415,0.9973134959004682,0.0041528786317616894,0.0,0.6292134831460674,56.0,True,108,circle,hold_window_satisfied,54,28,not_timeout,True,0.4044943820224719
10.0,50.63219659425961,True,square_circle.yaml,0.9986111111111111,True,3.108214300870447,23.40500465126602,square,94.0,0.001690282802977426,CONVERGED,0.0,none,0.003766570522930186,0.0011581973058977344,True,6.880710135563262,5.063219659425961,5.3511275463430765,0.18951875332420987,0.3,0.11333333333333333,0.0,0.4487729882718576,0.8500000015198723,1.4292116726599962,1.034082306498739,0.3962765957446808,2.3405004651266026,5.349437263540099,0.001690282802977426,5.3511275463430765,1.4054001982452873,0.9987987390819969,0.001690282802977426,0.0,0.1595744680851064,15.0,True,110,circle,hold_window_satisfied,57,30,not_timeout,True,0.3962765957446808
10.0,53.65629701537286,True,square_circle.yaml,0.9944444444444445,False,2.940760445338236,22.846044324693707,square,97.0,0.0013467771967773732,CONVERGED,0.0,none,0.0035174505657395477,0.0007996128745002794,True,7.138002498850703,5.365629701537285,5.546374883138447,0.17253407169493676,0.0,0.095,0.0,0.4608960557270432,0.8500103790898778,0.6184216582035251,0.9490084131153012,0.40807560137457044,2.284604432469372,5.54502810594167,0.0013467771967773732,5.546374883138447,1.3057855222986288,0.998969670325416,0.0013467771967773732,0.0,0.0,0.0,True,112,circle,hold_window_satisfied,59,30,not_timeout,True,0.40807560137457044
10.0,55.04138375575444,True,square_circle.yaml,0.9986111111111111,False,3.0605678486023833,23.4090007642756,square,105.0,0.0011294767942948564,CONVERGED,0.0,none,0.003529879037392359,0.0004786704168548388,True,7.94025680088613,5.504138375575444,5.739265475224838,0.10833175170656531,0.0,0.045,0.0,0.4367983892983002,0.850092641244713,0.7681876851053531,0.38706066586741983,0.3888888888888889,2.3409000764275625,5.738135998430543,0.0011294767942948564,5.739265475224838,0.9484054540919943,0.9988104947405773,0.0011294767942948564,0.0,0.0,0.0,True,111,circle,hold_window_satisfied,63,31,not_timeout,True,0.3888888888888889
10.0,35.857559116251,True,square_circle.yaml,1.0,True,3.0479162713830155,23.31972449233958,square,82.0,0.002938104345486242,CONVERGED,0.0,none,0.006883726862642545,0.0017553183253781232,True,5.694534701663651,3.5857559116250997,3.94378075538683,0.1560809925505664,0.98,0.09,0.0,0.3642561240598432,0.8500000010000239,1.50140679220154,0.25880497726980267,0.3018292682926829,2.331972449233959,3.9408426510413435,0.002938104345486242,3.94378075538683,1.3157828286668065,0.9977720044689252,0.002938104345486242,0.0,0.5975609756097561,49.0,True,113,circle,hold_window_satisfied,49,24,not_timeout,True,0.3018292682926829
0.0,,False,square_circle.yaml,0.02638888888888889,,2.99329754329177,,square,0.0,,BOUNDARY_INVALID,,BOUNDARY_INVALID,,,False,,,,,,,,,,,,,,,,,,,,0.0,,0.0,False,116,circle,episode_precondition_unavailable,,,not_timeout,False,
10.0,35.63718817570661,True,square_circle.yaml,1.0,True,3.0178224090559844,23.232280852628783,square,93.0,0.003765127437083799,CONVERGED,0.0,none,0.010263733355161616,0.0021568913148437975,True,6.750591880743005,3.563718817570661,3.9115806590112663,0.08024458298483074,1.0,0.04666666666666667,0.0,0.31973416033121405,0.8500000010000269,1.2090663070522207,0.8647865623307602,0.2670250896057348,2.3232280852628797,3.9078155315741823,0.003765127437083799,3.9115806590112663,0.9165871540833057,0.9959090366670641,0.003765127437083799,0.0,0.8387096774193549,78.0,True,117,circle,hold_window_satisfied,56,25,not_timeout,True,0.25985663082437277
0.0,,False,square_ellipse.yaml,0.11527777777777778,,3.9776840811019207,,square,0.0,,BOUNDARY_INVALID,,BOUNDARY_INVALID,,,False,,,,,,,,,,,,,,,,,,,,0.0,,0.0,False,105,ellipse,episode_precondition_unavailable,,,not_timeout,False,
10.0,51.90213391311484,True,square_circle.yaml,0.9083333333333333,True,3.002885060049094,23.212853905446114,square,400.0,1.9875848937661962,TIMEOUT,inf,TIMEOUT,6.285294277779216,0.6288891636763407,True,7.845502310169469,5.190213391311484,5.333259719675261,7.658702398243413e-15,1.0,0.0,0.0,0.09553880027853168,0.850000000999999,0.8331220421568001,0.5318264932835923,0.16645833333333335,2.321285390544613,3.3456748259090645,1.9875848937661962,5.333259719675261,0.0,0.0,1.9875848937661962,0.0,0.995,398.0,False,114,circle,maximum_steps_reached,,36,structural_safety_pin,True,0.081875
0.0,,False,square_ellipse.yaml,0.18611111111111112,,4.1819962848367505,,square,0.0,,BOUNDARY_INVALID,,BOUNDARY_INVALID,,,False,,,,,,,,,,,,,,,,,,,,0.0,,0.0,False,104,ellipse,episode_precondition_unavailable,,,not_timeout,False,
10.0,39.274337391280646,True,square_circle.yaml,0.9944444444444445,True,2.9646978729302043,23.245523688490948,square,99.0,0.007458847074273709,CONVERGED,0.0,none,0.02325088085062239,0.0028949418498305604,True,7.32444836388394,3.9274337391280647,4.3464146012734854,0.05848085845591394,1.0,0.03,0.0,0.3312861680066098,0.8500000009999995,1.4376557985532121,0.5011694025817128,0.28535353535353536,2.3245523688490977,4.338955754199212,0.007458847074273709,4.3464146012734854,0.7806428799099682,0.9905356798254766,0.007458847074273709,0.0,0.9595959595959596,95.0,True,118,circle,hold_window_satisfied,60,26,not_timeout,True,0.27441077441077444
10.0,53.66915700176637,True,square_circle.yaml,1.0,True,3.129731050071891,23.34224378693323,square,105.0,0.0032612426478425154,CONVERGED,0.0,none,0.005463720813658418,0.0024609747147866816,True,7.868697655716734,5.366915700176637,5.634728288154106,0.11392938557112278,1.0,0.056666666666666664,0.0,0.4260691862597344,0.850000000999999,0.6360380550098343,0.36449298894956583,0.37777777777777777,2.3342243786933246,5.631467045506263,0.0032612426478425154,5.634728288154106,1.0926465941126355,0.9970241634027522,0.0032612426478425154,0.0,0.6095238095238096,64.0,True,115,circle,hold_window_satisfied,66,31,not_timeout,True,0.373015873015873
11.0,65.93774992380017,True,square_ellipse.yaml,1.0,True,4.242882864119439,25.147497367174708,square,103.0,0.006762318118261236,CONVERGED,0.0,none,0.016461011293225657,0.004776764713198898,True,7.731400787635936,5.994340902163652,6.164475158749168,0.19703904793234772,1.0,0.11,0.0,0.536095923439667,0.8500000010000066,1.5040217379515757,0.5752280356138808,0.4854368932038835,2.2861361242886105,6.157712840630906,0.006762318118261236,6.164475158749168,1.3184665139498546,0.9948972449477211,0.006762318118261236,0.0,0.8932038834951457,92.0,True,102,ellipse,hold_window_satisfied,63,33,not_timeout,True,0.46359223300970875
10.0,45.918067203417905,True,square_circle.yaml,1.0,True,3.012158669473964,23.555626691561816,square,116.0,0.004341650735705723,CONVERGED,inf,none,0.00983739411070503,0.002424224818332455,True,9.057609802726327,4.591806720341791,4.948065174331047,0.04373305075121935,1.0,0.03,0.0,0.3298042536406054,0.8500000009999996,1.6545010575694696,1.060123025279296,0.28520114942528735,2.355562669156182,4.943723523595342,0.004341650735705723,4.948065174331047,0.7739145334483211,0.9944213090445818,0.004341650735705723,0.0,0.7155172413793104,83.0,True,119,circle,hold_window_satisfied,75,30,not_timeout,True,0.28520114942528735
10.0,44.575789924415375,True,square_ellipse.yaml,0.9791666666666666,True,4.020328765986968,24.660275197060532,square,91.0,0.0073289182782686185,CONVERGED,0.0,none,0.017238029341896863,0.004389463611926277,True,6.607050784927177,4.457578992441538,4.776543194789537,0.15520889097936258,1.0,0.09333333333333334,0.0,0.40798258532521586,0.8500000010000006,1.8527196473436427,0.3804322822451027,0.3534798534798535,2.4660275197060546,4.769214276511268,0.0073289182782686185,4.776543194789537,1.3086603045925156,0.9944308675550695,0.0073289182782686185,0.0,0.6593406593406593,60.0,True,101,ellipse,hold_window_satisfied,56,27,not_timeout,True,0.3534798534798535
10.0,43.64351118169655,True,square_ellipse.yaml,0.9861111111111112,True,4.143209665963319,24.8486253146209,square,92.0,0.0027103503539719904,CONVERGED,0.0,none,0.00669270505990366,0.0016576302312513915,True,6.652490611084127,4.3643511181696555,4.613800133909007,0.12751398189606797,1.0,0.07333333333333333,0.0,0.3952922238943014,0.8500000010000826,1.3884589541083014,0.6510528283766668,0.33967391304347827,2.484862531462092,4.611089783555035,0.0027103503539719904,4.613800133909007,1.138410660936932,0.9976248352916525,0.0027103503539719904,0.0,0.75,69.0,True,103,ellipse,hold_window_satisfied,54,26,not_timeout,True,0.3378623188405797
11.0,48.99212967152073,True,square_ellipse.yaml,1.0,True,4.13566745456076,25.055846283756377,square,99.0,0.0027763861530894583,CONVERGED,0.0,none,0.0069957657501373656,0.0016229278124698112,True,7.389677779396897,4.453829970138248,4.828994309499154,0.12245903911348009,1.0,0.07833333333333334,0.0,0.413705864096647,0.8500000010000367,0.8702030021093042,0.4554619787632781,0.35942760942760943,2.277804207614217,4.826217923346064,0.0027763861530894583,4.828994309499154,1.1077478089875201,0.9974999318652955,0.0027763861530894583,0.0,0.7070707070707071,70.0,True,107,ellipse,hold_window_satisfied,61,29,not_timeout,True,0.3468013468013468
10.0,48.19170939941556,True,square_ellipse.yaml,0.9819444444444444,True,3.9991287406154763,24.705643132284727,square,95.0,0.004695447640643698,CONVERGED,0.0,none,0.012638242084126868,0.0026780552519616737,True,6.982356566966713,4.819170939941555,5.029453986991602,0.1364501615204866,1.0,0.06833333333333333,0.0,0.42312302884740977,0.8500000010000466,0.8745858051116796,0.5404508768245289,0.36929824561403507,2.4705643132284756,5.024758539350959,0.004695447640643698,5.029453986991602,1.1695312115088967,0.9960012425164623,0.004695447640643698,0.0,0.8105263157894737,77.0,True,106,ellipse,hold_window_satisfied,58,28,not_timeout,True,0.362280701754386
10.0,47.37687133259817,True,square_ellipse.yaml,0.9847222222222223,True,4.114539047605356,24.506927711988617,square,91.0,0.00518978588253467,CONVERGED,0.0,none,0.01466863730548433,0.0026857672450732893,True,6.548327661715685,4.737687133259817,4.921415766704057,0.16893672852676603,0.58,0.09833333333333333,0.0,0.43366488183355617,0.8500000010369922,0.7884511618637694,0.2889143543357882,0.3782051282051282,2.450692771198863,4.9162259808215225,0.00518978588253467,4.921415766704057,1.3074991546380395,0.9960464465553609,0.00518978588253467,0.0,0.31868131868131866,29.0,True,108,ellipse,hold_window_satisfied,54,27,not_timeout,True,0.3782051282051282
0.0,,False,square_ellipse.yaml,0.09722222222222222,,4.164227085239779,,square,0.0,,BOUNDARY_INVALID,,BOUNDARY_INVALID,,,False,,,,,,,,,,,,,,,,,,,,0.0,,0.0,False,114,ellipse,episode_precondition_unavailable,,,not_timeout,False,
10.0,56.564512985028905,True,square_ellipse.yaml,0.9722222222222222,True,4.050933428398625,24.27704042086757,square,105.0,0.003309862854757196,CONVERGED,0.0,none,0.009644114826128989,0.0016972769694939328,True,7.956194744563997,5.6564512985028905,5.982250670253948,0.1573195394074192,0.88,0.09333333333333334,0.0,0.4487994144159055,0.8500000010000285,1.3767146532199541,0.3704334813888568,0.39920634920634923,2.4277040420867593,5.978940807399191,0.003309862854757196,5.982250670253948,1.2673213021594871,0.9973951033581644,0.003309862854757196,0.0,0.41904761904761906,44.0,True,109,ellipse,hold_window_satisfied,66,34,not_timeout,True,0.39920634920634923
11.0,52.23237485337743,True,square_ellipse.yaml,0.9180555555555555,True,4.2220587414381106,25.053663206975802,square,400.0,1.5343832830294795,TIMEOUT,inf,TIMEOUT,5.088781013782436,0.46757773686948473,True,8.334246910331343,4.748397713943403,5.1919160435438405,8.375594307672666e-15,1.0,0.0,0.0,0.09885504625142919,0.8500000009999988,0.6095590659047814,0.29389199599721777,0.16854166666666667,2.2776057460887102,3.657532760514361,1.5343832830294795,5.1919160435438405,0.0,0.0,1.5343829108966998,0.0,0.995,398.0,False,100,ellipse,maximum_steps_reached,,37,structural_safety_pin,False,0.085625
10.0,54.241866251769665,True,square_ellipse.yaml,0.9805555555555555,True,4.292361724662149,24.677982343613987,square,104.0,0.0035070966708022656,CONVERGED,0.0,none,0.009293630029476018,0.0018440655209304685,True,7.809254769264745,5.424186625176967,5.596475456871728,0.10408940988187709,0.9,0.05,0.0,0.43448845263688285,0.8500000010000046,1.2926411720660969,1.034082306498739,0.3854166666666667,2.4677982343614,5.592968360200926,0.0035070966708022656,5.596475456871728,0.9560568043908794,0.9963451139971794,0.0035070966708022656,0.0,0.4326923076923077,45.0,True,110,ellipse,hold_window_satisfied,62,30,not_timeout,True,0.3854166666666667
10.0,33.32221922614819,True,square_ellipse.yaml,0.9805555555555555,True,4.152349645914367,24.743176813002194,square,76.0,0.003914080923892646,CONVERGED,0.0,none,0.010365919044059015,0.0021531697622537943,True,5.011725101646792,3.3322219226148193,3.500657938897369,0.15343446368336788,0.82,0.08166666666666667,0.0,0.36523379896611174,0.8500000010190311,2.147557593995518,0.734550270321197,0.2993421052631579,2.474317681300221,3.4967438579734766,0.003914080923892646,3.500657938897369,1.2456429026258233,0.9968676251060007,0.003914080923892646,0.0,0.5394736842105263,41.0,True,116,ellipse,hold_window_satisfied,42,20,not_timeout,True,0.2993421052631579
0.0,,False,square_concave.yaml,0.18333333333333332,,3.6998577816937117,,square,0.0,,BOUNDARY_INVALID,,BOUNDARY_INVALID,,,False,,,,,,,,,,,,,,,,,,,,0.0,,0.0,False,101,concave,episode_precondition_unavailable,,,not_timeout,False,
11.0,59.169759591906036,True,square_ellipse.yaml,0.9972222222222222,True,4.238281007143846,25.07988298199165,square,100.0,0.0030762564325221135,CONVERGED,0.0,none,0.008785825572403939,0.0017111477191406807,True,7.499900224051381,5.37906905380964,5.57136708117038,0.15873118402267344,0.78,0.085,0.0,0.4930099687808618,0.8500000010050341,0.6184216582035251,0.9490084131153012,0.43833333333333335,2.2799893619992417,5.568290824737858,0.0030762564325221135,5.57136708117038,1.1920415973733431,0.997425980690753,0.0030762564325221135,0.0,0.39,39.0,True,112,ellipse,hold_window_satisfied,61,31,not_timeout,True,0.43833333333333335
10.0,38.48981142357821,True,square_ellipse.yaml,0.9861111111111112,True,4.309806375913343,24.92447074274051,square,90.0,0.0013339596942345884,CONVERGED,0.0,none,0.0038863524609595726,0.0006293977416605686,True,6.492408283999743,3.848981142357821,4.120253410949432,0.0896099373416919,0.4,0.03833333333333333,0.0,0.3567398736882615,0.8500000010020555,1.1813050499774094,0.25880497726980267,0.30092592592592593,2.492447074274054,4.118919451255197,0.0013339596942345884,4.120253410949432,0.8912800795218764,0.9985055582417166,0.0013339596942345884,0.0,0.35555555555555557,32.0,True,113,ellipse,hold_window_satisfied,53,24,not_timeout,True,0.29444444444444445
10.0,35.68750032422786,True,square_ellipse.yaml,0.9819444444444444,False,4.0835418706120485,24.52804646548409,square,95.0,0.0011096600644450831,CONVERGED,0.0,none,0.003507095112481148,0.00036944252248778995,True,6.936124205202436,3.5687500324227863,3.817116359834726,0.05109675582936787,0.0,0.03,0.0,0.3140478738251418,0.8500280864415525,1.7961401696449364,0.8647865623307602,0.2614035087719298,2.4528046465484117,3.816006699770281,0.0011096600644450831,3.817116359834726,0.7793872233618765,0.9985782645798996,0.0011096600644450831,0.0,0.18947368421052632,18.0,True,117,ellipse,hold_window_satisfied,58,23,not_timeout,True,0.24649122807017543
10.0,38.007470538363485,True,square_ellipse.yaml,0.9833333333333333,True,4.139791563726989,24.616148091011404,square,83.0,0.005617255608404538,CONVERGED,0.0,none,0.015918172956819788,0.0030425093088309357,True,5.7793422837343185,3.8007470538363486,4.013961074968526,0.14351304130258102,0.88,0.08166666666666667,0.0,0.3815876487247039,0.8500000010004404,1.4376557985532121,0.5011694025817128,0.321285140562249,2.4616148091011425,4.008343819360121,0.005617255608404538,4.013961074968526,1.2306348052301073,0.9954562214403149,0.005617255608404538,0.0,0.6024096385542169,50.0,True,118,ellipse,hold_window_satisfied,49,23,not_timeout,True,0.32028112449799195
10.0,49.7886655739942,True,square_concave.yaml,0.8944444444444445,True,3.5478757846377316,24.614304650877926,square,92.0,0.00482658087473491,CONVERGED,0.0,none,0.013949866008629476,0.0026262551552535987,True,6.38017539153602,4.97886655739942,5.148703171215775,0.1873299051149714,0.7,0.10666666666666667,0.0,0.45200343809222165,0.8500000021537542,0.8201283748432605,0.6510528283766668,0.39945652173913043,2.461430465087794,5.143876590341041,0.00482658087473491,5.148703171215775,1.425786533317585,0.9966262151333207,0.00482658087473491,0.0,0.45652173913043476,42.0,True,103,concave,hold_window_satisfied,56,28,not_timeout,True,0.384963768115942
10.0,42.68640472811988,True,square_concave.yaml,0.8652777777777778,True,3.753611786225472,24.288217458358442,square,107.0,0.0026215459595948774,CONVERGED,0.0,none,0.006052235316836836,0.0014589178662532884,True,8.170542390903648,4.268640472811988,4.822922752505223,0.06596202406196516,1.0,0.041666666666666664,0.0,0.3323986432305823,0.8500000009999995,0.9119451811642105,0.29389199599721777,0.2850467289719626,2.4288217458358456,4.820301206545627,0.0026215459595948774,4.822922752505223,0.8739128132870445,0.9970091920163312,0.0026215459595948774,0.0,0.7289719626168224,78.0,True,100,concave,hold_window_satisfied,67,30,not_timeout,True,0.2850467289719626
10.0,60.04877993333143,True,square_concave.yaml,0.8861111111111111,True,3.629816990163696,24.16367848033198,square,103.0,0.004235436811187761,CONVERGED,0.0,none,0.00887247306999379,0.002798578378991198,True,7.716800689284166,6.004877993333143,6.0887209773422235,0.14822488946879234,0.64,0.07,0.0,0.48564855133994156,0.8500000010000618,0.8282217850969864,0.28124818304710075,0.43527508090614886,2.4163678480332003,6.084485540531036,0.004235436811187761,6.0887209773422235,1.1520402777494645,0.9963370009783549,0.004235436811187761,0.0,0.3106796116504854,32.0,True,102,concave,hold_window_satisfied,62,32,not_timeout,True,0.43527508090614886
10.0,54.697389129737395,True,square_ellipse.yaml,0.8902777777777777,True,4.210394446661457,24.74592585505876,square,400.0,0.7838267711378991,TIMEOUT,inf,TIMEOUT,2.474437929858004,0.2629559702600794,True,7.977697150746476,5.46973891297374,5.764689373933219,1.4667915789670696e-07,1.0,0.0,0.0,0.10908756899616101,0.8500000009999991,0.6005066534941126,0.36449298894956583,0.17041666666666666,2.474592585505878,4.9808626027953204,0.7838267711378991,5.764689373933219,2.263424190296348e-07,2.887657860181299e-07,0.7838267711378991,0.0,0.8775,351.0,False,115,ellipse,maximum_steps_reached,,32,structural_safety_pin,True,0.09729166666666667
10.0,52.94683254912975,True,square_ellipse.yaml,0.8875,True,4.019647531291411,24.639017413581662,square,400.0,1.5720223685828043,TIMEOUT,inf,TIMEOUT,4.971160667725391,0.4986947459578369,True,6.977667446340974,5.294683254912975,5.492015571520097,7.414384250835793e-15,1.0,0.0,0.0,0.10001934759564693,0.8500000009999992,0.7681876851053531,0.38706066586741983,0.171875,2.4639017413581676,3.919993202937293,1.5720223685828043,5.492015571520097,0.0,0.0,1.5720223685828039,0.0,1.0,400.0,False,111,ellipse,maximum_steps_reached,,35,structural_safety_pin,True,0.08854166666666667
10.0,45.073600962367465,True,square_concave.yaml,0.8958333333333334,True,3.786709050436542,24.511618462296145,square,98.0,0.009881745268982842,CONVERGED,0.0,none,0.026903322618384833,0.004399350933590384,True,7.298496895490067,4.507360096236747,4.83780751551339,0.10680841009631759,0.58,0.056666666666666664,0.0,0.3845357736044544,0.8500000011040272,0.8745858051116796,0.5404508768245289,0.336734693877551,2.451161846229617,4.827925770244407,0.009881745268982842,4.83780751551339,1.0018350292560996,0.9902326960293591,0.009881745268982842,0.0,0.4387755102040816,43.0,True,106,concave,hold_window_satisfied,59,29,not_timeout,True,0.32568027210884354
10.0,47.53986303554763,True,square_concave.yaml,0.8708333333333333,True,3.662797946195965,24.549386162883373,square,100.0,0.00730247107809026,CONVERGED,0.0,none,0.022692458752153217,0.0029162653345524343,True,7.437198673963838,4.753986303554763,5.039426731921065,0.10691069784814386,0.5,0.06,0.0,0.39594939197068724,0.850000001087978,1.6615446167631935,0.8741417305897266,0.3458333333333333,2.454938616288338,5.032124260842974,0.00730247107809026,5.039426731921065,1.0610155137225805,0.9931645154514058,0.00730247107809026,0.0,0.25,25.0,True,105,concave,hold_window_satisfied,62,29,not_timeout,True,0.3458333333333333
10.0,45.749285525363774,True,square_ellipse.yaml,0.8916666666666667,True,4.292251801939355,24.90202737762715,square,400.0,1.4709271159214237,TIMEOUT,inf,TIMEOUT,4.651473561749556,0.4662558445590429,True,7.423402067995789,4.574928552536377,4.867624277061011,6.96621273703371e-15,1.0,0.0,0.0,0.0865405160888232,0.850000000999999,0.7053661670761122,1.060123025279296,0.15166666666666667,2.490202737762715,3.396697161139587,1.4709271159214237,4.867624277061011,0.0,0.0,1.4709271159214237,0.0,0.9425,377.0,False,119,ellipse,maximum_steps_reached,,30,structural_safety_pin,True,0.073125
10.0,55.70338445301834,True,square_concave.yaml,0.9,True,3.720655719338962,24.486558378993138,square,103.0,0.005541063848300571,CONVERGED,0.0,none,0.016630217051928377,0.002771452700698239,True,7.717903261596059,5.570338445301834,5.783432274909483,0.13737121341250527,1.0,0.07333333333333333,0.0,0.4506821736074012,0.8500000010006326,0.7681876851053531,0.38706066586741983,0.40129449838187703,2.4486558378993166,5.777891211061182,0.005541063848300571,5.783432274909483,1.1193593125776762,0.9950741737095816,0.005541063848300571,0.0,0.4854368932038835,50.0,True,111,concave,hold_window_satisfied,62,32,not_timeout,True,0.40048543689320387
11.0,58.478453529266375,True,square_concave.yaml,0.9805555555555555,True,3.6280382866465937,26.41012321779693,square,111.0,0.00396312246074098,CONVERGED,0.0,none,0.008989112947032328,0.002243455358248356,True,7.224866537948374,5.316223048115125,5.469432618171603,0.06746010206721331,1.0,0.01,0.0,0.4425573453566919,0.850000001000046,0.7884511618637694,0.2889143543357882,0.40015015015015015,2.4009202925269957,5.465469495710862,0.00396312246074098,5.469432618171603,0.6479149607557051,0.9939204545101649,0.00396312246074098,0.0,0.7657657657657657,85.0,True,108,concave,hold_window_satisfied,66,30,not_timeout,True,0.37762762762762764
10.0,53.186522727620684,True,square_concave.yaml,0.8652777777777778,True,3.73397363583694,24.564441224246117,square,101.0,0.0039269188016325205,CONVERGED,0.0,none,0.011049804581724344,0.002030637880882774,True,7.575079225219517,5.318652272762068,5.482352610713077,0.11853090725082197,0.82,0.065,0.0,0.4387969483791769,0.8500000010001427,1.378895157300573,1.034082306498739,0.38943894389438943,2.456444122424614,5.478425691911444,0.0039269188016325205,5.482352610713077,1.0743650084016345,0.9963582043947806,0.0039269188016325205,0.0,0.4752475247524752,48.0,True,110,concave,hold_window_satisfied,61,30,not_timeout,True,0.38531353135313534
11.0,52.26913512879982,True,square_concave.yaml,0.8958333333333334,True,3.772324459066339,25.812751743248235,square,400.0,0.9104881179561573,TIMEOUT,inf,TIMEOUT,3.0195397742192234,0.28106419799107524,True,7.273714596522736,4.75173955716362,5.016357286025951,8.345205176626041e-15,1.0,0.0,0.0,0.10372695863029331,0.8500000009999988,0.8497784840298046,0.4554619787632781,0.17020833333333332,2.3466137948407493,4.105869168069793,0.9104881179561573,5.016357286025951,0.0,0.0,0.9104881179561573,0.0,0.98,392.0,False,107,concave,maximum_steps_reached,,30,structural_safety_pin,True,0.08645833333333333
11.0,44.73810389395575,True,square_concave.yaml,0.975,True,3.6294755442852416,26.834841381838025,square,86.0,0.0037102832596186135,CONVERGED,0.0,none,0.011203950707374944,0.0019479742912087282,True,6.071572623911084,4.067100353995977,4.27576754179955,0.17198214528387457,1.0,0.08333333333333333,0.0,0.43763697483355163,0.8500000011169092,1.7577145262706482,0.734550270321197,0.37887596899224807,2.439531034712548,4.272057258539932,0.0037102832596186135,4.27576754179955,1.267966168866645,0.9970823685117273,0.0037102832596186135,0.0,0.7558139534883721,65.0,True,116,concave,hold_window_satisfied,51,24,not_timeout,True,0.35271317829457366
10.0,57.77699317584487,True,square_concave.yaml,0.8569444444444444,True,3.620394533021039,24.0631458369114,square,400.0,1.0188335258296786,TIMEOUT,inf,TIMEOUT,3.22183306932924,0.32268699566131664,True,7.944294235424543,5.777699317584487,5.941465975674877,6.567240891735898e-15,1.0,0.0,0.0,0.11513349526953522,0.850000000999999,1.3767146532199541,0.3704334813888568,0.17875,2.4063145836911417,4.9226324498451985,1.0188335258296786,5.941465975674877,0.0,0.0,1.0188335258296786,0.0,0.9475,379.0,False,109,concave,maximum_steps_reached,,33,structural_safety_pin,True,0.09979166666666667
11.0,46.609236427641264,True,square_concave.yaml,0.9791666666666666,True,3.7486455625723183,26.376247491367927,square,87.0,0.001602995363917827,CONVERGED,0.0,none,0.0039113545308567645,0.0010584769434563114,True,6.203032176358528,4.237203311603751,4.474689762040134,0.18253368294787808,0.98,0.115,0.0,0.4463545860380632,0.8500000010003853,1.3971419576359938,0.8647865623307602,0.38026819923371646,2.3978406810334505,4.473086766676216,0.001602995363917827,4.474689762040134,1.351658514005146,0.9988154578011569,0.001602995363917827,0.0,0.5632183908045977,49.0,True,117,concave,hold_window_satisfied,52,26,not_timeout,True,0.38026819923371646
10.0,47.22707835956106,True,square_concave.yaml,0.9055555555555556,True,3.611630227579341,24.046059376394656,square,112.0,0.006874064825662032,CONVERGED,0.0,none,0.014317601817703817,0.0040419673555376805,True,8.36014601509669,4.722707835956106,4.999620184896798,0.07699076121002688,1.0,0.03,0.0,0.3570940615721446,0.8500000010000167,1.6084614697517057,1.060123025279296,0.3273809523809524,2.4046059376394666,4.992746120071136,0.006874064825662032,4.999620184896798,0.9411062038972854,0.9927487258411799,0.006874064825662032,0.0,0.7053571428571429,79.0,True,119,concave,hold_window_satisfied,74,29,not_timeout,True,0.29389880952380953
10.0,37.713839630331414,True,square_concave.yaml,0.8986111111111111,True,3.5339064546912313,24.21906237273238,square,90.0,0.005963047019714874,CONVERGED,0.0,none,0.015553523304198813,0.0029413405145728164,True,6.2657620246915435,3.7713839630331414,4.067228253513303,0.09211692064705747,1.0,0.028333333333333332,0.0,0.35056840968741126,0.850000001000031,1.3247858217954438,0.5011694025817128,0.2962962962962963,2.421906237273241,4.061265206493588,0.005963047019714874,4.067228253513303,0.9682206159602089,0.9938789293576588,0.005963047019714874,0.0,0.8,72.0,True,118,concave,hold_window_satisfied,54,24,not_timeout,True,0.275
11.0,46.927922841464216,True,square_irregular.yaml,0.9875,True,3.8425630661434513,26.152930186436663,square,100.0,0.003431344064763635,CONVERGED,0.0,none,0.008182040348118253,0.0021120103248317558,True,7.410843415838036,4.266174803769474,4.755236245820832,0.09966730149742639,1.0,0.04666666666666667,0.0,0.3922721855297227,0.850000001,1.4966502658522989,0.3804322822451027,0.3383333333333333,2.3775391078578814,4.751804901756069,0.003431344064763635,4.755236245820832,0.9038554307923818,0.996218016001276,0.003431344064763635,0.0,0.64,64.0,True,101,irregular,hold_window_satisfied,60,29,not_timeout,True,0.33
10.0,52.803101837848786,True,square_concave.yaml,0.8819444444444444,True,3.607010134431448,23.73890861299012,square,400.0,0.12404884462054738,TIMEOUT,inf,TIMEOUT,0.26881650837374904,0.07817295977922786,True,7.592035936070516,5.280310183784879,5.495232854403488,7.374080441643708e-15,1.0,0.0,0.0,0.10918407473129302,0.8500000009999988,0.6184216582035251,0.9490084131153012,0.0975,2.3738908612990137,5.371184009782941,0.12404884462054738,5.495232854403488,0.0,0.0,0.12404884462054695,0.0,0.94,376.0,False,112,concave,maximum_steps_reached,63,30,near_miss_safety_pin,True,0.09583333333333334
10.0,54.91174919830799,True,square_concave.yaml,0.7916666666666666,True,3.553369865863152,24.499336541068672,square,400.0,0.8925460537465855,TIMEOUT,inf,TIMEOUT,2.8224443542393267,0.2844300409294892,True,7.836788292126572,5.491174919830799,5.6900884903133715,7.631673228083256e-15,1.0,0.0,0.0,0.10861640995403302,0.850000000999999,0.6007785574024704,0.5318264932835923,0.170625,2.449933654106868,4.797542436566786,0.8925460537465855,5.6900884903133715,0.0,0.0,0.8925460537465855,0.0,0.9075,363.0,False,114,concave,maximum_steps_reached,,31,structural_safety_pin,True,0.096875
11.0,55.359677804010616,True,square_irregular.yaml,0.9930555555555556,True,4.041160733093821,26.18472773077383,square,108.0,0.00791547756970348,CONVERGED,0.0,none,0.018514062306744305,0.004942661693210951,True,8.234124052281874,5.032697982182783,5.368219645388,0.08660463142237469,1.0,0.043333333333333335,0.0,0.42843993150277576,0.8500000009999996,0.8201283748432605,0.6510528283766668,0.37885802469135804,2.380429793706714,5.360304167818296,0.00791547756970348,5.368219645388,0.8581468468526028,0.990860383431431,0.00791547756970348,0.0,0.6759259259259259,73.0,True,103,irregular,hold_window_satisfied,66,31,not_timeout,True,0.36728395061728397
10.0,56.440020037112234,True,square_concave.yaml,0.8513888888888889,True,3.6556787387509546,23.265070693524,square,400.0,0.07984136016056034,TIMEOUT,inf,TIMEOUT,0.17640036021701389,0.048051856365473204,True,7.615069712514533,5.644002003711224,5.836952628914501,7.555115082970721e-15,1.0,0.0,0.0,0.11718008283658421,0.8500000009999987,0.753185271262444,0.36449298894956583,0.10479166666666667,2.3265070693524024,5.757111268753941,0.07984136016056034,5.836952628914501,0.0,0.0,0.07984136016055991,0.0,0.87,348.0,False,115,concave,maximum_steps_reached,63,32,near_miss_safety_pin,True,0.10479166666666667
11.0,55.172880765893005,True,square_irregular.yaml,0.9958333333333333,True,3.76465263833441,26.510427114346207,square,102.0,0.00517151025808614,CONVERGED,0.0,none,0.011694564596564974,0.0033256850856127726,True,7.674570766749615,5.015716433263001,5.334043473957142,0.1335226827458644,1.0,0.07166666666666667,0.0,0.45069956886195595,0.8500000010000003,1.5794334398015955,0.8741417305897266,0.39705882352941174,2.41003882857693,5.328871963699056,0.00517151025808614,5.334043473957142,1.062604282113171,0.995156745175313,0.00517151025808614,0.0,0.6372549019607843,65.0,True,105,irregular,hold_window_satisfied,62,31,not_timeout,True,0.3937908496732026
11.0,64.65889497674945,True,square_irregular.yaml,0.9125,True,3.90081669712149,25.822131307959193,square,400.0,0.7923061802212418,TIMEOUT,inf,TIMEOUT,2.627755919599862,0.23997559026580378,True,7.243618443767134,5.8780813615226775,5.950999592838514,7.675047874285164e-15,1.0,0.0,0.0,0.1309198378609877,0.850000000999999,0.7961067887363308,0.5752280356138808,0.19375,2.3474664825417477,5.158693412617272,0.7923061802212418,5.950999592838514,0.0,0.0,0.7923061802212418,0.0,0.99,396.0,False,102,irregular,maximum_steps_reached,,32,structural_safety_pin,True,0.11145833333333334
11.0,52.40330009023034,True,square_irregular.yaml,0.9847222222222223,True,3.724775382092051,25.84214759335243,square,88.0,0.002939402636148562,CONVERGED,0.0,none,0.007088212755341577,0.0021986750789794664,True,6.142800434249002,4.763936371839121,4.940196454205222,0.23011666798666866,0.88,0.13833333333333334,0.0,0.4965964880440663,0.8500000010007945,0.7884511618637694,0.2889143543357882,0.4337121212121212,2.349286144850222,4.937257051569073,0.002939402636148562,4.940196454205222,1.5361832146698005,0.9980902089261129,0.002939402636148562,0.0,0.5,44.0,True,108,irregular,hold_window_satisfied,53,27,not_timeout,True,0.42613636363636365
11.0,54.95448354274788,True,square_irregular.yaml,0.9875,True,3.9103325888295584,26.265241614328048,square,99.0,0.004871399387714271,CONVERGED,0.0,none,0.014380739673910731,0.0024805146194726473,True,7.478869405968289,4.995862140249807,5.317395805253569,0.15463697405646712,1.0,0.08,0.0,0.46316686760527415,0.8500000010000012,0.8745858051116796,0.5404508768245289,0.4074074074074074,2.3877492376661884,5.3125244058658545,0.004871399387714271,5.317395805253569,1.1444050723109023,0.9957613337541711,0.004871399387714271,0.0,0.8888888888888888,88.0,True,106,irregular,hold_window_satisfied,60,31,not_timeout,True,0.3998316498316498
11.0,49.96527572673027,True,square_irregular.yaml,0.9819444444444444,True,3.872481048892576,26.81650822742332,square,111.0,0.006855812084849223,CONVERGED,0.0,none,0.01631283232970114,0.00414034228575485,True,8.567997142835605,4.542297793339116,4.991366792706804,0.06839015663668593,1.0,0.03666666666666667,0.0,0.3753902719688253,0.8500000010000056,0.8702030021093042,0.4554619787632781,0.3258258258258258,2.4378643843112116,4.984510980621955,0.006855812084849223,4.991366792706804,0.8031123784382965,0.9915357020620512,0.006855812084849223,0.0,0.7747747747747747,86.0,True,107,irregular,hold_window_satisfied,70,31,not_timeout,True,0.31981981981981983
11.0,63.10864613947672,True,square_irregular.yaml,0.975,True,3.9184596408142114,25.949754184962803,square,103.0,0.008714653150936235,CONVERGED,0.0,none,0.023458546652552988,0.00499062921510711,True,7.749385520325904,5.737149649043338,5.8931094673982125,0.15315269318588767,1.0,0.09166666666666666,0.0,0.5102024453847757,0.8500000010000025,1.2926411720660969,1.034082306498739,0.4546925566343042,2.3590685622693464,5.884394814247276,0.008714653150936235,5.8931094673982125,1.240275543831916,0.993022640872612,0.008714653150936235,0.0,0.49514563106796117,51.0,True,110,irregular,hold_window_satisfied,65,32,not_timeout,True,0.4546925566343042
11.0,57.741558166431936,True,square_irregular.yaml,0.9097222222222222,True,3.8913929823421873,25.993855662102785,square,400.0,0.9604024028146962,TIMEOUT,inf,TIMEOUT,3.1822098294582193,0.30333011325276277,True,9.26365092479624,5.249232560584722,5.552568144244765,0.003599001781630027,1.0,0.0,0.0,0.1168945152473063,0.850000000999999,0.6000000012884498,0.7763871741058663,0.17979166666666666,2.363077787463892,4.592165741430069,0.9604024028146962,5.552568144244765,-6.77076021959877e-05,-7.050417165341043e-05,0.959649558275232,0.0,0.9625,385.0,False,104,irregular,maximum_steps_reached,,33,structural_safety_pin,False,0.09979166666666667
11.0,49.54599295276096,True,square_concave.yaml,0.8944444444444445,True,3.66124784636222,26.51814350084832,square,400.0,0.8057257847639391,TIMEOUT,inf,TIMEOUT,2.6500766330397862,0.2741018979417182,True,7.655507466834844,4.504181177523724,4.863114106401596,3.939007229133412e-09,1.0,0.0,0.0,0.10362737464243105,0.8500000009999988,0.6000000009228917,0.7763871741058663,0.16166666666666665,2.4107403182589398,4.057388321637657,0.8057257847639391,4.863114106401596,1.9984014443252818e-15,2.480250082738468e-15,0.8057257847639391,0.0,0.9825,393.0,False,104,concave,maximum_steps_reached,,33,structural_safety_pin,False,0.07895833333333334
11.0,41.3097930137008,True,square_irregular.yaml,0.9958333333333333,True,3.9214439842955695,25.471998360710504,square,85.0,0.004211765455005488,CONVERGED,0.0,none,0.008087998788324651,0.002949444199140082,True,5.908321558058854,3.7554357285182545,4.0704930929654,0.1595032967346169,0.88,0.09166666666666666,0.0,0.4048053678786733,0.8500000010001085,1.50140679220154,0.25880497726980267,0.33725490196078434,2.3156362146100484,4.066281327510394,0.004211765455005488,4.0704930929654,1.204434989660942,0.996515304875326,0.004211765455005488,0.0,0.5176470588235295,44.0,True,113,irregular,hold_window_satisfied,49,24,not_timeout,True,0.33725490196078434
11.0,60.376385331657985,True,square_irregular.yaml,0.9902777777777778,True,3.799515114852579,26.30286553468232,square,105.0,0.008090731708496108,CONVERGED,0.0,none,0.025717231842857298,0.0035889486843128007,True,7.611424682844788,5.488762302877999,5.699748428966233,0.12186831407067303,1.0,0.05,0.0,0.48038232576046525,0.8500000010000002,0.6184216582035251,0.9490084131153012,0.42857142857142855,2.3911695940620312,5.691657697257737,0.008090731708496108,5.699748428966233,1.0206106077271369,0.9921350042054626,0.008090731708496108,0.0,0.5428571428571428,57.0,True,112,irregular,hold_window_satisfied,65,31,not_timeout,True,0.4174603174603175
11.0,59.675603023482566,True,square_irregular.yaml,0.9805555555555555,True,3.931482674620969,26.122435011661068,square,113.0,0.0048826442430969785,CONVERGED,0.0,none,0.014794752001482272,0.0024303063082256747,True,8.797157147824503,5.425054820316597,5.842533221664792,0.08501375671137754,0.84,0.041666666666666664,0.0,0.44001675683882335,0.8500000010000001,0.7681876851053531,0.38706066586741983,0.3915929203539823,2.374766819241918,5.8376505774216945,0.0048826442430969785,5.842533221664792,0.8492968242443981,0.9942838192403023,0.0048826442430969785,0.0,0.415929203539823,47.0,True,111,irregular,hold_window_satisfied,70,34,not_timeout,True,0.39011799410029496
11.0,57.30301263475314,True,square_irregular.yaml,0.9847222222222223,True,3.915574883308373,26.217947291633074,square,115.0,0.006476447611190347,CONVERGED,0.0,none,0.016542615019475022,0.0038142457399826636,True,8.762884485048465,5.209364784977558,5.586944894744673,0.09753682378758609,1.0,0.06,0.0,0.4182630626684857,0.8500000009999992,0.6008120845270114,0.5318264932835923,0.377536231884058,2.383449753784827,5.580468447133483,0.006476447611190347,5.586944894744673,1.0418959717695888,0.9938223788689371,0.006476447611190347,0.0,0.7565217391304347,87.0,True,114,irregular,hold_window_satisfied,76,34,not_timeout,True,0.3507246376811594
11.0,65.49927905221962,True,square_irregular.yaml,0.9041666666666667,True,3.791171262501419,26.335004402713103,square,400.0,1.0044580970362995,TIMEOUT,inf,TIMEOUT,3.331354206487588,0.30579607738274883,True,9.068104318467691,5.9544799138381475,6.170809186895739,8.001118199000497e-15,1.0,0.0,0.0,0.12958147838045653,0.8500000009991958,1.1702496301656964,0.3704334813888568,0.19520833333333334,2.3940913093375578,5.16635108985944,1.0044580970362995,6.170809186895739,0.0,0.0,1.0044580970362995,0.0,0.955,382.0,False,109,irregular,maximum_steps_reached,,35,structural_safety_pin,True,0.11583333333333333
11.0,38.61196738640552,True,square_irregular.yaml,0.9888888888888889,True,4.02609146974329,25.921956001235117,square,95.0,0.0083916850894901,CONVERGED,0.0,none,0.024690977711864487,0.004179065579656304,True,6.9696822340619775,3.5101788533095926,3.8405812959323296,0.060333359518312604,1.0,0.03166666666666667,0.0,0.338835905366571,0.8500000010000485,2.1223177247590854,0.8647865623307602,0.2807017543859649,2.356541454657741,3.8321896108428395,0.0083916850894901,3.8405812959323296,0.7626563695615367,0.9891165212870058,0.0083916850894901,0.0,0.7052631578947368,67.0,True,117,irregular,hold_window_satisfied,57,24,not_timeout,True,0.27456140350877195
11.0,41.99539115192487,True,square_irregular.yaml,0.9888888888888889,True,4.051442288624416,26.49782161649501,square,96.0,0.0033864774693728498,CONVERGED,0.0,none,0.007623661201538704,0.002104850187076964,True,7.010258449710875,3.81776283199317,4.207087097276633,0.07621313160256427,0.98,0.03833333333333333,0.0,0.36446757211701125,0.8500000010007482,1.5896596372855576,0.5011694025817128,0.3072916666666667,2.4088928742268205,4.20370061980726,0.0033864774693728498,4.207087097276633,0.8142278566386306,0.9958580991940811,0.0033864774693728498,0.0,0.5104166666666666,49.0,True,118,irregular,hold_window_satisfied,57,26,not_timeout,True,0.3072916666666667
11.0,42.50892833890718,True,square_irregular.yaml,0.9902777777777778,True,3.8794544298447486,26.01948224507756,square,88.0,0.0017820823803653115,CONVERGED,0.0,none,0.004325017389785212,0.0008757246798323698,True,6.303048886848899,3.864448030809744,4.0469657378081765,0.10447967625424927,0.4,0.04833333333333333,0.0,0.4035293169580423,0.8500000010183263,1.940901086056102,0.734550270321197,0.3418560606060606,2.365407476825233,4.045183655427811,0.0017820823803653115,4.0469657378081765,0.9435535469553044,0.9981148680690078,0.0017820823803653115,0.0,0.375,33.0,True,116,irregular,hold_window_satisfied,51,23,not_timeout,True,0.32954545454545453
11.0,53.597010360467976,True,square_irregular.yaml,0.9083333333333333,True,4.046195013154586,26.146526141308993,square,400.0,0.9936251688800083,TIMEOUT,inf,TIMEOUT,3.278273213480968,0.3312164074209345,True,8.775982048638316,4.87245548731527,5.183688688146972,1.7905355618959175e-13,1.0,0.0,0.0,0.10548765877043577,0.850000000999999,0.6000000009403947,0.29389199599721777,0.17354166666666668,2.3769569219371824,4.190063519266964,0.9936251688800083,5.183688688146972,0.0,0.0,0.9936251688800083,0.0,0.9975,399.0,False,100,irregular,maximum_steps_reached,,32,structural_safety_pin,True,0.088125
11.0,53.65155237558505,True,square_irregular.yaml,0.9958333333333333,True,3.819360912817972,25.448547501742976,square,114.0,0.00818178116105361,CONVERGED,0.0,none,0.022222172078768438,0.0040105455750101444,True,8.86941034953042,4.877413852325914,5.279642476484641,0.07330577624231857,1.0,0.041666666666666664,0.0,0.3920598081049048,0.8500000009999995,1.128538956270838,1.060123025279296,0.3435672514619883,2.3135043183402715,5.271460695323587,0.00818178116105361,5.279642476484641,0.8386850049902651,0.9903387624891553,0.00818178116105361,0.0,0.6491228070175439,74.0,True,119,irregular,hold_window_satisfied,72,32,not_timeout,True,0.3435672514619883
10.0,64.85044895372104,True,rectangle_circle.yaml,1.0,True,3.046252757855858,23.450668701069542,rectangle,127.0,0.004524762998077912,CONVERGED,0.0,none,0.011730773549511403,0.002790152411162528,True,10.15106576378287,6.485044895372104,6.8874460915002516,0.08688387223996029,1.0,0.04833333333333333,0.0,0.4257179218190184,0.850000001,1.1166070649218924,0.31189896871402506,0.3858267716535433,2.3450668701069546,6.8829213285021735,0.004524762998077912,6.8874460915002516,0.9649216349081632,0.9953326321002891,0.004524762998077912,0.0,0.7086614173228346,90.0,True,100,circle,hold_window_satisfied,83,40,not_timeout,True,0.3825459317585302
10.0,43.173684941793425,True,rectangle_circle.yaml,0.9986111111111111,True,2.9491262878170263,22.779432432854918,rectangle,122.0,0.003474738422593588,CONVERGED,inf,none,0.009562266438200394,0.0018577507782438648,True,9.695963259190899,4.317368494179343,4.943371303177731,0.04268536578248559,1.0,0.03166666666666667,0.0,0.2947919372988367,0.8500000009999987,1.5171810175719227,0.4339429621405273,0.2527322404371585,2.277943243285492,4.939896564755137,0.003474738422593588,4.943371303177731,0.7859533491191408,0.9955984104474749,0.003474738422593588,0.0,0.7459016393442623,91.0,True,101,circle,hold_window_satisfied,82,33,not_timeout,True,0.2527322404371585
10.0,63.31622431841063,True,rectangle_circle.yaml,1.0,True,3.0907011636278265,23.10214158400487,rectangle,112.0,0.0030268369430409147,CONVERGED,0.0,none,0.006286278064303463,0.002242753092186006,True,8.623441703957395,6.331622431841064,6.572654524195461,0.15403597005181388,0.86,0.10166666666666667,0.0,0.47099598525928726,0.8500000010000085,1.1620868894938152,0.29406795045103706,0.4255952380952381,2.3102141584004876,6.56962768725242,0.0030268369430409147,6.572654524195461,1.3439606792951022,0.9977528841904235,0.0030268369430409147,0.0,0.38392857142857145,43.0,True,102,circle,hold_window_satisfied,73,36,not_timeout,True,0.4255952380952381
11.0,64.74566496798931,True,square_irregular.yaml,0.9027777777777778,True,3.848894310560692,26.296239810683446,square,400.0,0.8768532240817251,TIMEOUT,inf,TIMEOUT,2.9080877555813047,0.2676280267020663,True,10.1101807471441,5.885969542544483,6.224001589951678,8.146908529823147e-15,1.0,0.0,0.0,0.12968803617332023,0.850000000999999,0.6036538082128818,0.36449298894956583,0.19458333333333333,2.390567255516679,5.347148365869953,0.8768532240817251,6.224001589951678,0.0,0.0,0.8768532240817251,0.0,0.9675,387.0,False,115,irregular,maximum_steps_reached,,36,structural_safety_pin,True,0.11125
10.0,49.845585059161856,True,rectangle_circle.yaml,1.0,True,2.9631669898563,23.087672895620187,rectangle,117.0,0.0038561601723248137,CONVERGED,0.0,none,0.007916049170721317,0.0023937435533736943,True,9.183251521668595,4.984558505916185,5.399968024699844,0.05442373889244209,1.0,0.03166666666666667,0.0,0.35623970986131864,0.8500000009999998,1.809007625537603,1.1301998764726913,0.31552706552706555,2.30876728956202,5.396111864527519,0.0038561601723248137,5.399968024699844,0.7994653650599144,0.9951997300567665,0.0038561601723248137,0.0,0.8888888888888888,104.0,True,105,circle,hold_window_satisfied,75,33,not_timeout,True,0.30128205128205127
10.0,51.06059885152594,True,rectangle_circle.yaml,0.9930555555555556,True,3.041180790784932,22.859144288865345,rectangle,108.0,0.0014403433207682476,CONVERGED,0.0,none,0.003734621369746842,0.0008351612227972179,True,8.275784382291832,5.106059885152594,5.648548172133165,0.10810533325330904,1.0,0.06,0.0,0.3939342070976269,0.850000001,0.7012811372843746,0.4808712097835998,0.3479938271604938,2.285914428886535,5.6471078288123975,0.0014403433207682476,5.648548172133165,1.0663900893379012,0.9986511497736752,0.0014403433207682476,0.0,0.8611111111111112,93.0,True,106,circle,hold_window_satisfied,69,34,not_timeout,True,0.3479938271604938
10.0,50.944854458162965,True,rectangle_circle.yaml,1.0,True,3.0721719275932275,23.268968110336093,rectangle,117.0,0.0019824296349938244,CONVERGED,0.0,none,0.004341532116017734,0.0012000878772805022,True,9.14952041550589,5.0944854458162965,5.462851634862542,0.05815224283393605,1.0,0.035,0.0,0.36559664111315027,0.8500000010000006,1.4211434266131069,0.6684103178790219,0.32549857549857547,2.3268968110336097,5.460869205227548,0.0019824296349938244,5.462851634862542,0.8269225919048317,0.997608375406737,0.0019824296349938244,0.0,0.7435897435897436,87.0,True,104,circle,hold_window_satisfied,75,32,not_timeout,True,0.301994301994302
10.0,53.724945487545334,True,rectangle_circle.yaml,0.9958333333333333,True,2.9962616597588942,23.161435080594703,rectangle,134.0,0.002087950570012313,CONVERGED,0.0,none,0.005236627695690827,0.0010761407899457505,True,10.871916728805541,5.372494548754533,6.060847353997147,0.06441648548381075,1.0,0.045,0.0,0.3348675621952367,0.8500000009999986,1.217563313315627,0.5397540726148762,0.29850746268656714,2.316143508059472,6.058759403427135,0.002087950570012313,6.060847353997147,0.8939052624470776,0.9976696803729332,0.002087950570012313,0.0,0.6343283582089553,85.0,True,107,circle,hold_window_satisfied,91,41,not_timeout,True,0.291044776119403
10.0,56.64743065225066,True,rectangle_circle.yaml,0.9986111111111111,True,3.0139587646973234,23.474424314861906,rectangle,112.0,0.00360756565791869,CONVERGED,0.0,none,0.009135905410807763,0.0022220357964121504,True,8.682746224428332,5.664743065225066,6.1775839003529445,0.17045714106666124,1.0,0.09666666666666666,0.0,0.42862314835588833,0.8500000009999993,1.2354444884685598,0.815587322069657,0.39732142857142855,2.3474424314861935,6.173976334695026,0.00360756565791869,6.1775839003529445,1.408950709290562,0.9974460765818315,0.00360756565791869,0.0,0.9642857142857143,108.0,True,103,circle,hold_window_satisfied,74,39,not_timeout,True,0.3541666666666667
10.0,57.55945435924355,True,rectangle_circle.yaml,0.9958333333333333,True,2.9662998137996293,23.032801083094107,rectangle,98.0,0.00447571324855474,CONVERGED,0.0,none,0.013023228907388518,0.002420934946001454,True,7.244025135552035,5.755945435924355,5.866801696138441,0.21084064100449074,1.0,0.11666666666666667,0.0,0.492601263331518,0.8500000010005418,0.8382192941073875,0.280931922677165,0.44727891156462585,2.303280108309412,5.862325982889886,0.00447571324855474,5.866801696138441,1.4848729762919657,0.9969948519913524,0.00447571324855474,0.0,0.7142857142857143,70.0,True,108,circle,hold_window_satisfied,61,31,not_timeout,True,0.4200680272108844
10.0,68.47455996540424,True,rectangle_circle.yaml,0.9986111111111111,True,3.1082143008704444,23.40500465126601,rectangle,125.0,0.001587833097782452,CONVERGED,0.0,none,0.0038332673359799236,0.0008623208008335275,True,9.99099310122414,6.847455996540424,7.2150733693622096,0.10942745204557652,0.22,0.06833333333333333,0.0,0.4564441534218527,0.8500000019808442,1.5220619931748436,0.9876559333665034,0.41733333333333333,2.3405004651266026,7.213485536264427,0.001587833097782452,7.2150733693622096,1.1200259274669286,0.9985843316535425,0.001587833097782452,0.0,0.088,11.0,True,110,circle,hold_window_satisfied,83,40,not_timeout,True,0.41733333333333333
10.0,58.8821605256592,True,rectangle_circle.yaml,0.9986111111111111,False,3.060567848602385,23.409000764275593,rectangle,118.0,0.0012148964583680911,CONVERGED,0.0,none,0.0036202483648721546,0.000572154939555954,True,9.256648177446115,5.88821605256592,6.491457266958735,0.1150558516804036,0.0,0.065,0.0,0.4157940605668335,0.8503384743525806,0.7324608795758707,0.41957883676131935,0.3721751412429379,2.3409000764275607,6.490242370500367,0.0012148964583680911,6.491457266958735,1.082064079421609,0.9988785008428867,0.0012148964583680911,0.0,0.0,0.0,True,111,circle,hold_window_satisfied,76,38,not_timeout,True,0.3721751412429379
0.0,,False,rectangle_circle.yaml,0.23472222222222222,,2.9932975432917672,,rectangle,0.0,,BOUNDARY_INVALID,,BOUNDARY_INVALID,,,False,,,,,,,,,,,,,,,,,,,,0.0,,0.0,False,116,circle,episode_precondition_unavailable,,,not_timeout,False,
10.0,42.22719679640683,True,rectangle_circle.yaml,1.0,True,3.047916271383017,23.319724492339578,rectangle,116.0,0.002660239215545077,CONVERGED,inf,none,0.006883726959034471,0.0013119227098958139,True,9.055378026797563,4.222719679640683,4.755077583873476,0.04394825046355096,1.0,0.03,0.0,0.3033022719252441,0.8500000010000112,1.4214271741978222,0.2569988280862534,0.25862068965517243,2.331972449233959,4.752417344657931,0.002660239215545077,4.755077583873476,0.7747846264432524,0.9965782278164629,0.002660239215545077,0.0,0.45689655172413796,53.0,True,113,circle,hold_window_satisfied,76,31,not_timeout,True,0.25862068965517243
10.0,70.4703454736318,True,rectangle_circle.yaml,0.9972222222222222,True,3.0352372515572075,22.856457435811777,rectangle,128.0,0.00546683148606633,CONVERGED,0.0,none,0.015299165506174134,0.003039050153260934,True,10.262617732795457,7.04703454736318,7.338260500883037,0.07752765962573885,0.84,0.04666666666666667,0.0,0.4605952653613832,0.8500000010000333,1.7470351990090234,0.41984208913813137,0.423828125,2.2856457435811777,7.332793669396971,0.00546683148606633,7.338260500883037,0.9137581445901913,0.9940527818234426,0.00546683148606633,0.0,0.53125,68.0,True,109,circle,hold_window_satisfied,83,40,not_timeout,True,0.4069010416666667
10.0,62.90860366883768,True,rectangle_circle.yaml,1.0,True,3.1297310500718964,23.342243786933228,rectangle,129.0,0.0031179628400113905,CONVERGED,inf,none,0.005463720813743809,0.001966695553967149,True,10.339309042941862,6.290860366883768,6.585372072447982,0.04717933376297398,1.0,0.03,0.0,0.40645750570094835,0.8500000009999983,1.667945815225035,0.34100724762657797,0.36757105943152457,2.3342243786933246,6.5822541096079705,0.0031179628400113905,6.585372072447982,0.7712705268273276,0.9959736451643918,0.0031179628400113905,0.0,0.5891472868217055,76.0,True,115,circle,hold_window_satisfied,83,37,not_timeout,True,0.3643410852713178
10.0,65.91909609665413,True,rectangle_circle.yaml,0.9944444444444445,False,2.940760445338239,22.846044324693715,rectangle,124.0,0.00130001805617071,CONVERGED,0.0,none,0.0037790140818112004,0.0005883113936957941,True,9.882628618363583,6.591909609665413,7.00678282681059,0.10202951113169631,0.0,0.058333333333333334,0.0,0.44571766214534075,0.8500017552362297,1.1142823570059908,0.8056220719634464,0.4099462365591398,2.284604432469372,7.00548280875442,0.00130001805617071,7.00678282681059,1.0493975681975076,0.9987627095815401,0.00130001805617071,0.0,0.3870967741935484,48.0,True,112,circle,hold_window_satisfied,81,40,not_timeout,True,0.38776881720430106
11.0,46.06699077724711,True,square_concave.yaml,0.8805555555555555,True,3.6759052046155904,26.5501563416834,square,400.0,1.307719639725832,TIMEOUT,inf,TIMEOUT,4.33419757566079,0.4103815616696679,True,5.977496007727591,4.18790825247701,4.465518531851508,7.603672924419735e-15,1.0,0.0,0.0,0.08753294551699609,0.8500000009999991,0.6000000009009713,0.25880497726980267,0.15770833333333334,2.413650576516675,3.157798892125676,1.307719639725832,4.465518531851508,0.0,0.0,1.307719639725832,0.0,1.0,400.0,False,113,concave,maximum_steps_reached,,30,structural_safety_pin,True,0.07125
0.0,,False,rectangle_ellipse.yaml,0.0,,3.9776840811019225,,rectangle,0.0,,BOUNDARY_INVALID,,BOUNDARY_INVALID,,,False,,,,,,,,,,,,,,,,,,,,0.0,,0.0,False,105,ellipse,episode_precondition_unavailable,,,not_timeout,False,
10.0,36.823344480702794,True,rectangle_ellipse.yaml,0.9791666666666666,True,4.020328765986968,24.660275197060535,rectangle,108.0,0.007249312568172962,CONVERGED,inf,none,0.017237880395527722,0.0038660788390710195,True,8.26212966557419,3.6823344480702795,4.328333792719844,0.04656178585965076,1.0,0.03166666666666667,0.0,0.2840168582615529,0.8500000009999992,1.5171810175719227,0.4339429621405273,0.23919753086419754,2.4660275197060564,4.321084480151671,0.007249312568172962,4.328333792719844,0.7754599448542422,0.9907381795993495,0.007249312568172962,0.0,0.9537037037037037,103.0,True,101,ellipse,hold_window_satisfied,69,29,not_timeout,True,0.23919753086419754
0.0,,False,rectangle_ellipse.yaml,0.14444444444444443,,4.181996284836749,,rectangle,0.0,,BOUNDARY_INVALID,,BOUNDARY_INVALID,,,False,,,,,,,,,,,,,,,,,,,,0.0,,0.0,False,104,ellipse,episode_precondition_unavailable,,,not_timeout,False,
10.0,45.42998055622532,True,rectangle_circle.yaml,1.0,True,3.0178224090559844,23.232280852628783,rectangle,117.0,0.0038202338747170134,CONVERGED,inf,none,0.010263732006880282,0.0022257985442576283,True,9.20463463604188,4.542998055622531,5.088009315265871,0.04564673633434841,1.0,0.03166666666666667,0.0,0.3234992148352274,0.8500000009999992,1.10987139440368,1.0660350200447914,0.2799145299145299,2.3232280852628797,5.084189081391154,0.0038202338747170134,5.088009315265871,0.7896010986160268,0.9951851132326827,0.0038202338747170134,0.0,0.7435897435897436,87.0,True,117,circle,hold_window_satisfied,76,32,not_timeout,True,0.2799145299145299
10.0,52.217826129226104,True,rectangle_circle.yaml,0.9944444444444445,True,2.964697872930203,23.24552368849094,rectangle,119.0,0.007462767486984272,CONVERGED,0.0,none,0.023250880850680573,0.002934473171423438,True,9.332372722424186,5.221782612922611,5.800936114635867,0.0695195074215711,1.0,0.041666666666666664,0.0,0.3655703700093537,0.8500000009999997,1.6912952702658997,0.4496474738470013,0.3242296918767507,2.3245523688490977,5.793473347148883,0.007462767486984272,5.800936114635867,0.8697391300209968,0.9914925315275935,0.007462767486984272,0.0,0.6890756302521008,82.0,True,118,circle,hold_window_satisfied,77,35,not_timeout,True,0.3228291316526611
10.0,54.43955967981657,True,rectangle_circle.yaml,0.9069444444444444,True,3.0028850600491,23.21285390544611,rectangle,400.0,1.640469426668535,TIMEOUT,inf,TIMEOUT,5.187617062340528,0.5192966160895028,True,10.599292324137183,5.4439559679816565,5.843699166708447,9.693043828409631e-15,1.0,0.0,0.0,0.1031150007582812,0.8500000009999982,0.6190360789749093,0.47401593055875324,0.17125,2.321285390544613,4.203229740039912,1.640469426668535,5.843699166708447,0.0,0.0,1.640469426668535,0.0,0.9675,387.0,False,114,circle,maximum_steps_reached,,40,structural_safety_pin,True,0.090625
11.0,63.69106657600047,True,rectangle_ellipse.yaml,0.9180555555555555,True,4.222058741438112,25.0536632069758,rectangle,400.0,1.4456987138982962,TIMEOUT,inf,TIMEOUT,4.794825336285508,0.4369783470215338,True,11.075128508358176,5.790096961454588,6.434600665526706,1.104968215337201e-14,1.0,0.0,0.0,0.1232698076958975,0.8500000009999988,0.9562591740866236,0.31189896871402506,0.19104166666666667,2.2776057460887102,4.98890195162841,1.4456987138982962,6.434600665526706,0.0,0.0,1.4456987138982962,0.0,0.9775,391.0,False,100,ellipse,maximum_steps_reached,,43,structural_safety_pin,True,0.109375
10.0,51.92477023262428,True,rectangle_ellipse.yaml,0.9819444444444444,True,3.9991287406154723,24.705643132284727,rectangle,99.0,0.004717224936758434,CONVERGED,0.0,none,0.012651505256067312,0.0027932796511235198,True,7.4021787976538365,5.192477023262429,5.53686012379392,0.17034092083849514,0.54,0.10666666666666667,0.0,0.4369930358633052,0.8500000031323858,0.7012811372843746,0.4808712097835998,0.38636363636363635,2.4705643132284756,5.5321428988571615,0.004717224936758434,5.53686012379392,1.3182334909697697,0.9964343154434698,0.004717224936758434,0.0,0.31313131313131315,31.0,True,106,ellipse,hold_window_satisfied,60,31,not_timeout,True,0.3838383838383838
10.0,53.282750589256565,True,rectangle_ellipse.yaml,0.9847222222222223,True,4.114539047605354,24.506927711988613,rectangle,100.0,0.005178193864117443,CONVERGED,0.0,none,0.014671476580163602,0.002654584662500482,True,7.462468059666782,5.328275058925657,5.51698741172267,0.13237787644094984,0.52,0.05333333333333334,0.0,0.44390593376455856,0.85000000167055,0.8382192941073875,0.280931922677165,0.3933333333333333,2.450692771198863,5.511809217858552,0.005178193864117443,5.51698741172267,1.0285443206713272,0.9949907312733295,0.005178193864117443,0.0,0.26,26.0,True,108,ellipse,hold_window_satisfied,59,30,not_timeout,True,0.3933333333333333
11.0,65.3187492911221,True,rectangle_ellipse.yaml,0.9111111111111111,True,4.242882864119432,25.147497367174708,rectangle,400.0,1.1576388957435833,TIMEOUT,inf,TIMEOUT,3.839390041702782,0.35327804181719313,True,8.227751462323674,5.938068117374737,6.09260861408815,8.963977781319091e-15,1.0,0.0,0.0,0.12831367846628342,0.8500000009999982,0.8384046886872274,0.5085145924110335,0.19854166666666667,2.2861361242886105,4.934969718344567,1.1576388957435833,6.09260861408815,0.0,0.0,1.1576388957435833,0.0,0.9975,399.0,False,102,ellipse,maximum_steps_reached,,35,structural_safety_pin,True,0.11541666666666667
10.0,62.88830324462253,True,rectangle_ellipse.yaml,0.9722222222222222,True,4.050933428398621,24.27704042086757,rectangle,113.0,0.0035274576553344364,CONVERGED,0.0,none,0.009644248152092798,0.0020039298258640267,True,8.752823750136098,6.2888303244622525,6.714276602089378,0.156305030840139,0.6,0.10166666666666667,0.0,0.4636624826853179,0.8500000010464023,1.7470351990090234,0.41984208913813137,0.4196165191740413,2.4277040420867593,6.710749144434044,0.0035274576553344364,6.714276602089378,1.3781880374572144,0.9974470448744247,0.0035274576553344364,0.0,0.26548672566371684,30.0,True,109,ellipse,hold_window_satisfied,75,38,not_timeout,True,0.4196165191740413
10.0,61.46515681175849,True,rectangle_circle.yaml,0.9055555555555556,True,3.0121586694739615,23.555626691561812,rectangle,400.0,1.6378859928684526,TIMEOUT,inf,TIMEOUT,5.179433357339286,0.5200001453818748,True,9.100639501710738,6.146515681175849,6.5854004223963365,9.061195668461316e-15,1.0,0.0,0.0,0.11764357920028568,0.8500000009999985,0.8562076497040025,1.031747379752689,0.18520833333333334,2.3555626691561855,4.9475144295278835,1.6378859928684526,6.5854004223963365,0.0,0.0,1.6378859928684526,0.0,0.96,384.0,False,119,circle,maximum_steps_reached,,41,structural_safety_pin,True,0.10520833333333333
0.0,,False,rectangle_ellipse.yaml,0.1,,4.164227085239779,,rectangle,0.0,,BOUNDARY_INVALID,,BOUNDARY_INVALID,,,False,,,,,,,,,,,,,,,,,,,,0.0,,0.0,False,114,ellipse,episode_precondition_unavailable,,,not_timeout,False,
11.0,62.410759522495425,True,rectangle_ellipse.yaml,1.0,True,4.135667454560762,25.055846283756374,rectangle,128.0,0.002738784654135784,CONVERGED,0.0,none,0.006995764144191285,0.001431743937905299,True,10.29812575670947,5.6737054111359475,6.21626976140741,0.07188533651601692,1.0,0.04,0.0,0.40705540857221284,0.8500000009999993,1.217563313315627,0.5397540726148762,0.3645833333333333,2.277804207614217,6.213530976753274,0.002738784654135784,6.21626976140741,0.8400442848952299,0.9967503088836369,0.002738784654135784,0.0,0.8203125,105.0,True,107,ellipse,hold_window_satisfied,84,38,not_timeout,True,0.3548177083333333
10.0,66.99120012643859,True,rectangle_ellipse.yaml,0.9833333333333333,True,4.292361724662148,24.67798234361399,rectangle,112.0,0.003767436072144626,CONVERGED,0.0,none,0.009294363908970073,0.002418093769647112,True,8.623262254730944,6.699120012643858,6.929646345271037,0.16531358256496426,0.54,0.10166666666666667,0.0,0.4983201386781945,0.8500000010108898,1.2342978436508671,0.9876559333665034,0.4538690476190476,2.4677982343614,6.925878909198892,0.003767436072144626,6.929646345271037,1.3852159254639436,0.9972876305242575,0.003767436072144626,0.0,0.2767857142857143,31.0,True,110,ellipse,hold_window_satisfied,74,37,not_timeout,True,0.45163690476190477
10.0,64.87792856809354,True,rectangle_ellipse.yaml,0.9791666666666666,True,4.019647531291408,24.63901741358166,rectangle,113.0,0.003505957095256464,CONVERGED,0.0,none,0.008406394202791904,0.0022586457655969444,True,8.775248325132038,6.487792856809354,6.7770911835325744,0.1492295724922231,0.82,0.08666666666666667,0.0,0.47835675534787947,0.8500000010000791,0.7324608795758707,0.41957883676131935,0.4336283185840708,2.4639017413581676,6.773585226437318,0.003505957095256464,6.7770911835325744,1.2434325587383301,0.9971883480614818,0.003505957095256464,0.0,0.36283185840707965,41.0,True,111,ellipse,hold_window_satisfied,72,37,not_timeout,True,0.4336283185840708
11.0,80.74062881450585,True,rectangle_ellipse.yaml,0.9972222222222222,True,4.238281007143841,25.079882981991645,rectangle,124.0,0.0029872531283899354,CONVERGED,0.0,none,0.00878310393397987,0.0015194136348841035,True,9.845940540452009,7.340057164955078,7.650674262796283,0.14043880490556998,0.7,0.06666666666666667,0.0,0.542664563037053,0.8500000010000928,1.044704380705078,0.7155849304103334,0.4986559139784946,2.2799893619992417,7.647687009667893,0.0029872531283899354,7.650674262796283,1.031251461389584,0.9971116405850441,0.0029872531283899354,0.0,0.31451612903225806,39.0,True,112,ellipse,hold_window_satisfied,79,42,not_timeout,True,0.4959677419354839
10.0,62.15481558248839,True,rectangle_ellipse.yaml,0.8916666666666667,True,4.14320966596332,24.848625314620897,rectangle,400.0,1.6554550810718407,TIMEOUT,inf,TIMEOUT,5.2350030491682595,0.5245375071171541,True,8.141916484680873,6.215481558248839,6.512074050630102,9.26985175177446e-15,1.0,0.0,0.0,0.11890747342100468,0.850000000999999,0.6627363106352108,0.815587322069657,0.185,2.484862531462092,4.856618969558261,1.6554550810718407,6.512074050630102,0.0,0.0,1.6554550810718407,0.0,0.95,380.0,False,103,ellipse,maximum_steps_reached,,39,structural_safety_pin,True,0.105
10.0,41.561472623186496,True,rectangle_ellipse.yaml,0.9861111111111112,True,4.30980637591335,24.924470742740517,rectangle,102.0,0.0014270782856294914,CONVERGED,0.0,none,0.003785244433311695,0.0008083424662287707,True,7.683589181359552,4.156147262318649,4.53850252167671,0.07902522727123654,1.0,0.05333333333333334,0.0,0.34286307821261136,0.8500000009999993,1.4214271741978222,0.2569988280862534,0.29983660130718953,2.492447074274054,4.537075443391081,0.0014270782856294914,4.53850252167671,0.9849468408960594,0.9985532076042588,0.0014270782856294914,0.0,0.7843137254901961,80.0,True,113,ellipse,hold_window_satisfied,65,29,not_timeout,True,0.2777777777777778
10.0,63.078005298814425,True,rectangle_ellipse.yaml,0.9833333333333333,True,4.210394446661456,24.745925855058765,rectangle,112.0,0.003521196916518372,CONVERGED,0.0,none,0.010592243480710539,0.0015239410493764229,True,8.609178030039041,6.307800529881442,6.41649545033536,0.10177197338734631,0.78,0.04833333333333333,0.0,0.4706030232212724,0.8500000010318279,1.4765395994079986,0.34100724762657797,0.4255952380952381,2.474592585505878,6.412974253418842,0.003521196916518372,6.41649545033536,0.951141870899482,0.9963115815042747,0.003521196916518372,0.0,0.5982142857142857,67.0,True,115,ellipse,hold_window_satisfied,68,34,not_timeout,True,0.4069940476190476
0.0,,False,rectangle_concave.yaml,0.17083333333333334,,3.6998577816937117,,rectangle,0.0,,BOUNDARY_INVALID,,BOUNDARY_INVALID,,,False,,,,,,,,,,,,,,,,,,,,0.0,,0.0,False,101,concave,episode_precondition_unavailable,,,not_timeout,False,
10.0,46.72748291796538,True,rectangle_ellipse.yaml,0.9819444444444444,True,4.083541870612052,24.52804646548409,rectangle,111.0,0.0010754281869238891,CONVERGED,0.0,none,0.003397556107635468,0.00036024322016282867,True,8.51625579269524,4.672748291796538,4.999574873472137,0.051755884278392714,1.0,0.03,0.0,0.3516490765191796,0.8500000010000033,1.5287207746987037,1.0660350200447914,0.3078078078078078,2.4528046465484117,4.998499445285213,0.0010754281869238891,4.999574873472137,0.7793470010661541,0.9986219922100994,0.0010754281869238891,0.0,0.7837837837837838,87.0,True,117,ellipse,hold_window_satisfied,70,30,not_timeout,True,0.2987987987987988
10.0,49.679371733275026,True,rectangle_ellipse.yaml,0.9805555555555555,True,4.1523496459143665,24.743176813002197,rectangle,99.0,0.003991387912024175,CONVERGED,0.0,none,0.010365878471850868,0.002356244637466628,True,7.34173129132107,4.967937173327503,5.217699444754772,0.1282104837466644,1.0,0.075,0.0,0.41808900410150995,0.8500000010038818,1.8886553887190307,0.9333401248119451,0.3661616161616162,2.474317681300221,5.213708056842748,0.003991387912024175,5.217699444754772,1.1786686634282777,0.9966250758977605,0.003991387912024175,0.0,0.5151515151515151,51.0,True,116,ellipse,hold_window_satisfied,62,30,not_timeout,True,0.3661616161616162
10.0,62.28504866224514,True,rectangle_concave.yaml,0.8861111111111111,True,3.629816990163697,24.16367848033198,rectangle,117.0,0.00407339397239071,CONVERGED,0.0,none,0.008872461052813635,0.0022690550105197915,True,9.1892527883337,6.2285048662245135,6.455932570625168,0.09423835899398125,1.0,0.043333333333333335,0.0,0.44350591403815837,0.8500000010000764,1.1620868894938152,0.29406795045103706,0.40028490028490027,2.4163678480332003,6.4518591766527775,0.00407339397239071,6.455932570625168,0.9271302071598357,0.9956256677192421,0.00407339397239071,0.0,0.4358974358974359,51.0,True,102,concave,hold_window_satisfied,73,35,not_timeout,True,0.40028490028490027
10.0,58.112261976519136,True,rectangle_ellipse.yaml,0.9888888888888889,True,4.292251801939355,24.902027377627142,rectangle,208.0,0.0026693444143204045,CONVERGED,0.0,none,0.00720612231515964,0.001483049911901799,True,8.537792672786155,5.811226197651914,6.192211827114026,0.050094682136833706,1.0,0.01,0.0,0.24613620764679878,0.8500000009999991,0.6000000041009812,1.031747379752689,0.25801282051282054,2.490202737762715,6.189542482699705,0.0026693444143204045,6.192211827114026,0.7046452009458565,0.9962260857890868,0.0026693444143204045,0.0,0.875,182.0,True,119,ellipse,hold_window_satisfied,163,38,not_timeout,True,0.19310897435897437
10.0,62.21129574073566,True,rectangle_concave.yaml,0.8944444444444445,True,3.5478757846377285,24.614304650877926,rectangle,124.0,0.004832944876260487,CONVERGED,0.0,none,0.013947557372602401,0.0024925341682197543,True,9.84916485615517,6.221129574073566,6.708203553990424,0.09525815906940738,0.94,0.043333333333333335,0.0,0.4191154047175629,0.8500000010005632,0.6627363106352108,0.815587322069657,0.3797043010752688,2.461430465087794,6.703370609114164,0.004832944876260487,6.708203553990424,1.0467229508977052,0.9954040057255317,0.004832944876260487,0.0,0.47580645161290325,59.0,True,103,concave,hold_window_satisfied,84,39,not_timeout,True,0.36626344086021506
10.0,58.92935391950492,True,rectangle_concave.yaml,0.8708333333333333,True,3.6627979461959614,24.54938616288338,rectangle,116.0,0.007306837227933839,CONVERGED,0.0,none,0.022706881126902362,0.002879032079069306,True,9.040181707937439,5.892935391950492,6.143007511498903,0.08247977061743111,0.56,0.051666666666666666,0.0,0.42382199158865747,0.8500000010048661,1.537475809240607,1.1301998764726913,0.38146551724137934,2.454938616288338,6.135700674270969,0.007306837227933839,6.143007511498903,0.9855354046766376,0.9926404851450347,0.007306837227933839,0.0,0.35344827586206895,41.0,True,105,concave,hold_window_satisfied,75,34,not_timeout,True,0.3728448275862069
10.0,51.43350768786505,True,rectangle_concave.yaml,0.8958333333333334,True,3.786709050436543,24.51161846229614,rectangle,98.0,0.009879008454021327,CONVERGED,0.0,none,0.02690409192926347,0.004582350680426703,True,7.22793157031649,5.143350768786505,5.443282967005047,0.1736847344843405,0.46,0.10166666666666667,0.0,0.4394036207109465,0.850000001248531,0.7012811372843746,0.4808712097835998,0.3937074829931973,2.451161846229617,5.433403958551025,0.009879008454021327,5.443282967005047,1.2950570025757917,0.9924295073700778,0.009879008454021327,0.0,0.4387755102040816,43.0,True,106,concave,hold_window_satisfied,59,31,not_timeout,True,0.3784013605442177
10.0,51.32499621882806,True,rectangle_ellipse.yaml,0.8861111111111111,True,4.139791563726987,24.616148091011397,rectangle,400.0,1.6204310764837553,TIMEOUT,inf,TIMEOUT,5.123198254168285,0.5234588457535813,True,8.565086329661645,5.132499621882806,5.501628696877974,8.651036863292036e-15,1.0,0.0,0.0,0.09684044506437689,0.8500000009999986,0.6146706781470712,0.4496474738470013,0.16645833333333335,2.4616148091011425,3.881197620394219,1.6204310764837553,5.501628696877974,0.0,0.0,1.6204310763991687,0.0,0.995,398.0,False,118,ellipse,maximum_steps_reached,,38,structural_safety_pin,False,0.08354166666666667
10.0,59.86841456827248,True,rectangle_concave.yaml,0.7944444444444444,True,3.753611786225473,24.288217458358442,rectangle,400.0,1.4005923077927138,TIMEOUT,inf,TIMEOUT,4.429055583105272,0.4439366773858578,True,8.176726683746297,5.986841456827248,6.272251507729741,9.169084993954012e-15,1.0,0.0,0.0,0.11889903997779437,0.8500000009999981,0.6000172127348893,0.31189896871402506,0.18479166666666666,2.4288217458358456,4.871659199937027,1.4005923077927138,6.272251507729741,0.0,0.0,1.4005923077927138,0.0,0.99,396.0,False,100,concave,maximum_steps_reached,,38,structural_safety_pin,True,0.095
11.0,64.24681050372162,True,rectangle_concave.yaml,0.9638888888888889,True,3.772324459066337,25.81275174324824,rectangle,128.0,0.009537196102677328,CONVERGED,0.0,none,0.023563054870242166,0.005710598982634488,True,10.232133858947845,5.8406191367019655,6.430231105559034,0.09936252364925564,1.0,0.06833333333333333,0.0,0.4209183756239347,0.8500000009999997,1.217563313315627,0.5397540726148762,0.384765625,2.3466137948407493,6.420693909456357,0.009537196102677328,6.430231105559034,1.0346165382221815,0.9908660997043275,0.009537196102677328,0.0,0.8515625,109.0,True,107,concave,hold_window_satisfied,86,41,not_timeout,True,0.3678385416666667
10.0,64.62309678863136,True,rectangle_concave.yaml,0.8597222222222223,True,3.620394533021033,24.0631458369114,rectangle,131.0,0.0014921675485169677,CONVERGED,0.0,none,0.0036047284820314327,0.0008923925687212176,True,10.553833148819685,6.462309678863136,6.885750768843489,0.0591044899487893,1.0,0.03333333333333333,0.0,0.4110485716080823,0.8500000009999996,1.6862231529145795,0.41984208913813137,0.37150127226463103,2.4063145836911417,6.884258601294972,0.0014921675485169677,6.885750768843489,0.8173977663777594,0.9981778167166342,0.0014921675485169677,0.0,0.5572519083969466,73.0,True,109,concave,hold_window_satisfied,85,40,not_timeout,True,0.37150127226463103
10.0,57.7543323305482,True,rectangle_concave.yaml,0.9,True,3.72065571933896,24.486558378993145,rectangle,112.0,0.005591689440282006,CONVERGED,0.0,none,0.01663110957409215,0.0027633554012113015,True,8.649094074876126,5.77543323305482,6.341336280169019,0.15005320288591026,0.96,0.085,0.0,0.4309120656957666,0.850000001006483,0.7324608795758707,0.41957883676131935,0.38839285714285715,2.4486558378993166,6.335744590728737,0.005591689440282006,6.341336280169019,1.324739578894895,0.9957967691406068,0.005591689440282006,0.0,0.49107142857142855,55.0,True,111,concave,hold_window_satisfied,74,37,not_timeout,True,0.37723214285714285
11.0,65.6085635951179,True,rectangle_concave.yaml,0.8736111111111111,True,3.628038286646599,26.41012321779693,rectangle,400.0,1.3380690835285651,TIMEOUT,inf,TIMEOUT,4.437855325316586,0.4052821999649824,True,7.896781275982532,5.964414872283445,6.158321975412275,1.0099057576265712e-14,1.0,0.0,0.0,0.12810526464491734,0.8500000009999988,0.7178338113161046,0.280931922677165,0.19375,2.4009202925269957,4.82025289188371,1.3380690835285651,6.158321975412275,0.0,0.0,1.3380690835285651,0.0,0.9775,391.0,False,108,concave,maximum_steps_reached,,35,structural_safety_pin,True,0.11166666666666666
10.0,52.37776345360464,True,rectangle_concave.yaml,0.8986111111111111,True,3.533906454691227,24.219062372732377,rectangle,108.0,0.005876633389050824,CONVERGED,0.0,none,0.015527730387677395,0.0027397928614407126,True,8.232734604704467,5.237776345360464,5.611999613491324,0.10888322974518808,0.48,0.065,0.0,0.40644011846156786,0.8500000015198387,1.2176362468925521,0.4496474738470013,0.3626543209876543,2.421906237273239,5.606122980102273,0.005876633389050824,5.611999613491324,1.0694122572624907,0.9945348329735928,0.005876633389050824,0.0,0.5925925925925926,64.0,True,118,concave,hold_window_satisfied,68,33,not_timeout,True,0.345679012345679
10.0,72.25917475090625,True,rectangle_concave.yaml,0.8819444444444444,True,3.607010134431444,23.738908612990116,rectangle,400.0,0.1240488446205456,TIMEOUT,inf,TIMEOUT,0.26881650837374194,0.07817295977922745,True,10.23116534574808,7.225917475090625,7.561323019258275,8.4927636922674e-15,1.0,0.0,0.0,0.14953552770604286,0.8500000009999983,1.1142823570059908,0.7155849304103334,0.13791666666666666,2.3738908612990137,7.4372741746377296,0.1240488446205456,7.561323019258275,-1.8041124150158794e-16,-1.4543564839596061e-15,0.12404884462054468,0.0,0.8625,345.0,False,112,concave,maximum_steps_reached,86,42,near_miss_safety_pin,True,0.136875
11.0,55.50163427504359,True,rectangle_concave.yaml,0.8819444444444444,True,3.6759052046155927,26.550156341683397,rectangle,400.0,0.8446971399361431,TIMEOUT,inf,TIMEOUT,2.801009910635042,0.26115073709906794,True,9.283600236409278,5.045603115913054,5.660616767836506,1.1114547987539497e-14,1.0,0.0,0.0,0.11066098580910368,0.8500000009999981,0.611465673343174,0.2569988280862534,0.1725,2.413650576516673,4.815919627900362,0.8446971399361431,5.660616767836506,0.0,0.0,0.844697139936143,0.0,0.9225,369.0,False,113,concave,maximum_steps_reached,,36,structural_safety_pin,True,0.09666666666666666
10.0,69.37911040554191,True,rectangle_concave.yaml,0.7847222222222222,True,3.7339736358369415,24.56444122424612,rectangle,400.0,1.3319429455653293,TIMEOUT,inf,TIMEOUT,4.203297916343603,0.4490791658942226,True,10.510096103484656,6.937911040554191,7.225556960260932,1.5525865931615052e-12,1.0,0.0,0.0,0.1379873062625101,0.8500000009999985,0.600000032744895,0.9876559333665034,0.201875,2.456444122424614,5.893614014695602,1.3319429455653293,7.225556960260932,-1.9229062786507711e-13,-1.4436851706398664e-13,1.3319413832683618,0.0,0.9475,379.0,False,110,concave,maximum_steps_reached,,42,structural_safety_pin,False,0.123125
10.0,65.37002422737913,True,rectangle_concave.yaml,0.8513888888888889,True,3.655678738750955,23.265070693524002,rectangle,400.0,0.07984136016055995,TIMEOUT,inf,TIMEOUT,0.17640036021701572,0.04805185636547333,True,10.8722866723687,6.537002422737913,6.789315046380024,9.933308609409065e-15,1.0,0.0,0.0,0.13592978651493623,0.8500000009999984,1.6409125680829315,0.34100724762657797,0.12375,2.3265070693524024,6.7094736862194635,0.07984136016055995,6.789315046380024,0.0,0.0,0.0798413601605596,0.0,0.87,348.0,False,115,concave,maximum_steps_reached,88,37,near_miss_safety_pin,True,0.12375
11.0,49.610886420119044,True,rectangle_irregular.yaml,0.9875,True,3.842563066143451,26.152930186436656,rectangle,116.0,0.0034920110565951376,CONVERGED,0.0,none,0.008178254919441132,0.002201472014753732,True,9.095023754073074,4.510080583647186,5.086001436788982,0.07310792077802204,1.0,0.051666666666666666,0.0,0.3585132299334282,0.8500000009999992,0.83247474089071,0.4339429621405273,0.3146551724137931,2.377539107857878,5.082509425732387,0.0034920110565951376,5.086001436788982,0.9251457177702337,0.9962396411989348,0.0034920110565951376,0.0,0.7586206896551724,88.0,True,101,irregular,hold_window_satisfied,77,34,not_timeout,True,0.3010057471264368
10.0,61.97878362247983,True,rectangle_concave.yaml,0.8083333333333333,True,3.6116302275793455,24.046059376394652,rectangle,400.0,1.7913764799377074,TIMEOUT,inf,TIMEOUT,5.664789300565216,0.5701547522748668,True,9.10928529581772,6.197878362247983,6.482847076764617,1.0038234037327806e-14,1.0,0.0,0.0,0.11753395582492528,0.8500000009999981,0.8786006900600216,1.031747379752689,0.186875,2.4046059376394666,4.69147059682691,1.7913764799377074,6.482847076764617,0.0,0.0,1.7913764799377074,0.0,0.975,390.0,False,119,concave,maximum_steps_reached,,41,structural_safety_pin,True,0.105625
10.0,54.61364449508437,True,rectangle_concave.yaml,0.8333333333333334,True,3.553369865863149,24.499336541068672,rectangle,400.0,0.7370972309168119,TIMEOUT,inf,TIMEOUT,2.330864824491713,0.23527406296309622,True,9.908790069881606,5.461364449508437,5.788797658231493,0.014929547502995346,1.0,0.0,0.0,0.11933969889797388,0.8500000009999988,0.6000000266603842,0.47401593055875324,0.173125,2.449933654106868,5.051700427314681,0.7370972309168119,5.788797658231493,0.14601359423325955,0.16534005707431648,0.7370910881949553,0.0,0.99,396.0,False,114,concave,maximum_steps_reached,,46,structural_safety_pin,False,0.09104166666666667
11.0,63.751866056367774,True,rectangle_irregular.yaml,0.9861111111111112,True,3.910332588829552,26.26524161432805,rectangle,111.0,0.004840734432433836,CONVERGED,0.0,none,0.013860179372613112,0.0026548318803098505,True,8.52988821011526,5.795624186942525,6.193149389436045,0.13630522466668166,1.0,0.075,0.0,0.4808186475888757,0.8500000009999997,0.7012811372843746,0.4808712097835998,0.43243243243243246,2.3877492376661884,6.1883086550036115,0.004840734432433836,6.193149389436045,1.0838022034535981,0.9955534231987635,0.004840734432433836,0.0,1.0,111.0,True,106,irregular,hold_window_satisfied,69,35,not_timeout,True,0.4099099099099099
11.0,65.06680782312093,True,rectangle_irregular.yaml,0.9958333333333333,True,3.7646526383344137,26.510427114346207,rectangle,121.0,0.005264518423817951,CONVERGED,0.0,none,0.011694564566744926,0.003579488385757009,True,9.603155227960437,5.9151643475564475,6.438574210070864,0.11876324721462071,1.0,0.08333333333333333,0.0,0.44796023351507025,0.8500000009999992,1.2414227014756294,1.1301998764726913,0.4022038567493113,2.41003882857693,6.433309691647046,0.005264518423817951,6.438574210070864,1.1828618948516068,0.9955690586750742,0.005264518423817951,0.0,0.6115702479338843,74.0,True,105,irregular,hold_window_satisfied,82,39,not_timeout,True,0.4022038567493113
11.0,63.14394508968604,True,rectangle_irregular.yaml,0.9819444444444444,True,3.8724810488925785,26.816508227423324,rectangle,135.0,0.006774826010019962,CONVERGED,0.0,none,0.016312832321784706,0.00381952934878596,True,10.948206466204839,5.740358644516913,6.4526110243397445,0.08228009755948222,1.0,0.051666666666666666,0.0,0.3924708267848934,0.8500000010000008,1.217563313315627,0.5397540726148762,0.3567901234567901,2.4378643843112116,6.445836198329725,0.006774826010019962,6.4526110243397445,0.9441378471513593,0.9928754488175064,0.006774826010019962,0.0,0.7851851851851852,106.0,True,107,irregular,hold_window_satisfied,92,43,not_timeout,True,0.3388888888888889
11.0,61.18904024350639,True,rectangle_irregular.yaml,0.9847222222222223,True,3.724775382092054,25.842147593352436,rectangle,100.0,0.002776507158555447,CONVERGED,0.0,none,0.00705490205590273,0.0018676144477851595,True,7.428934915024781,5.562640022136945,5.718482807383879,0.18342862449014516,1.0,0.08,0.0,0.5125293756647208,0.850000001000209,0.8382192941073875,0.280931922677165,0.4625,2.3492861448502254,5.715706300225324,0.002776507158555447,5.718482807383879,1.2361073604708197,0.9977588640621591,0.002776507158555447,0.0,0.76,76.0,True,108,irregular,hold_window_satisfied,61,31,not_timeout,True,0.43166666666666664
11.0,63.77179210763943,True,rectangle_irregular.yaml,0.9083333333333333,True,4.041160733093819,26.184727730773822,rectangle,400.0,1.050329886112347,TIMEOUT,inf,TIMEOUT,3.483453012899858,0.32122133712643647,True,8.971430462112703,5.797435646149039,6.349637286641203,8.837813672199123e-15,1.0,0.0,0.0,0.12612630819799484,0.8500000009999982,1.0507133424906114,0.815587322069657,0.194375,2.380429793706714,5.299307400528856,1.050329886112347,6.349637286641203,0.0,0.0,1.050329886112347,0.0,0.9775,391.0,False,103,irregular,maximum_steps_reached,,41,structural_safety_pin,True,0.111875
11.0,65.30110405316672,True,rectangle_irregular.yaml,0.9125,True,3.900816697121487,25.822131307959197,rectangle,400.0,0.7923061802212428,TIMEOUT,inf,TIMEOUT,2.627755919599865,0.23997559026580434,True,8.306645894042159,5.936464004833339,6.143640289876579,1.0815007949987823e-14,1.0,0.0,0.0,0.13170728455439148,0.8500000009999981,0.7961067887363211,0.5085145924110335,0.19604166666666667,2.3474664825417477,5.351334109655337,0.7923061802212428,6.143640289876579,0.0,0.0,0.7923061802212428,0.0,0.97,388.0,False,102,irregular,maximum_steps_reached,,35,structural_safety_pin,True,0.11520833333333333
11.0,58.80534233660121,True,rectangle_concave.yaml,0.9027777777777778,True,3.7486455625723174,26.376247491367934,rectangle,400.0,1.120276992652208,TIMEOUT,inf,TIMEOUT,3.690903256397061,0.3745497844591018,True,9.535876461591657,5.3459402124182915,5.744964624399323,8.405373208424826e-09,1.0,0.0,0.0,0.11539173194577337,0.850000000999999,0.6000000009208665,1.0660350200447914,0.18354166666666666,2.3978406810334505,4.624687631747115,1.120276992652208,5.744964624399323,3.774758283725532e-15,3.3694865720565593e-15,1.120276992652208,0.0,0.97,388.0,False,117,concave,maximum_steps_reached,,37,structural_safety_pin,True,0.1
11.0,71.66299229565138,True,rectangle_irregular.yaml,0.8333333333333334,True,4.046195013154585,26.146526141309,rectangle,400.0,1.2362540113961389,TIMEOUT,inf,TIMEOUT,3.2782732134809693,0.5728640211006324,True,10.704684726733053,6.5148174814228526,6.885597798576125,3.7505626811201354e-08,1.0,0.0,0.0,0.14365364968093505,0.8500000009999984,0.6000000009403947,0.31189896871402506,0.28125,2.3769569219371824,5.649343787179986,1.2362540113961389,6.885597798576125,-5.1842327097872953e-08,-4.1935013997110965e-08,1.2361398516243678,0.0,0.99,396.0,False,100,irregular,maximum_steps_reached,,42,structural_safety_pin,False,0.12020833333333333
11.0,55.68181529178583,True,rectangle_concave.yaml,0.8944444444444445,True,3.6294755442852398,26.834841381838025,rectangle,400.0,0.7952587307766512,TIMEOUT,inf,TIMEOUT,2.634525310916468,0.25217848244090485,True,7.967492115769867,5.0619832083441665,5.377125656379295,1.0703937720355157e-14,1.0,0.0,0.0,0.11119139972300922,0.8500000009999988,0.6000000009198028,0.9333401248119451,0.18041666666666667,2.439531034712548,4.581866925602644,0.7952587307766512,5.377125656379295,0.0,0.0,0.7952587307766512,0.0,0.99,396.0,False,116,concave,maximum_steps_reached,,33,structural_safety_pin,True,0.095625
11.0,76.20434920301415,True,rectangle_irregular.yaml,0.9763888888888889,True,3.9184596408142123,25.94975418496281,rectangle,132.0,0.008678177464732588,CONVERGED,0.0,none,0.023458571698408495,0.004751007876564515,True,10.642659715601402,6.927668109364922,7.312320258819642,0.0835190933337737,1.0,0.043333333333333335,0.0,0.48084895255704474,0.8500000009999992,1.22512915505391,0.9876559333665034,0.43813131313131315,2.35906856226935,7.303642081354909,0.008678177464732588,7.312320258819642,0.8701801261445248,0.9901256238587115,0.008678177464732588,0.0,0.7878787878787878,104.0,True,110,irregular,hold_window_satisfied,86,41,not_timeout,True,0.43813131313131315
11.0,49.17128758164813,True,rectangle_irregular.yaml,0.9958333333333333,True,3.92144398429557,25.471998360710508,rectangle,116.0,0.004210809608571746,CONVERGED,0.0,none,0.008096568533974077,0.0027668137471228683,True,9.089392523899717,4.470117052877103,5.13938230215436,0.07763873431774915,1.0,0.05333333333333334,0.0,0.3530976670762157,0.8500000009999991,1.4214271741978222,0.2569988280862534,0.30603448275862066,2.3156362146100484,5.135171492545788,0.004210809608571746,5.13938230215436,0.9463184930148981,0.9955700370341557,0.004210809608571746,0.0,0.7327586206896551,85.0,True,113,irregular,hold_window_satisfied,77,35,not_timeout,True,0.30603448275862066
11.0,52.777353901642506,True,rectangle_concave.yaml,0.8944444444444445,True,3.6612478463622184,26.518143500848325,rectangle,400.0,0.8057257847639386,TIMEOUT,inf,TIMEOUT,2.6500766330397854,0.2741018979417183,True,9.002380458740172,4.797941263785682,5.188445258400025,1.5936051267991255e-11,1.0,0.0,0.0,0.10566730101045707,0.8500000009999982,0.6000000009228909,0.6684103178790219,0.17375,2.4107403182589415,4.382719473636086,0.8057257847639386,5.188445258400025,0.0,0.0,0.805725784763938,0.0,0.9875,395.0,False,104,concave,maximum_steps_reached,,33,structural_safety_pin,True,0.08875
11.0,76.08522582653119,True,rectangle_irregular.yaml,0.9861111111111112,True,3.848894310560699,26.296239810683446,rectangle,137.0,0.007534309203415317,CONVERGED,0.0,none,0.02284995842356078,0.003491263325032154,True,11.194401911714689,6.916838711502835,7.2629598445548025,0.06751966190937568,1.0,0.045,0.0,0.4634033876665553,0.8500000009999997,1.1167607292902326,0.34100724762657797,0.4233576642335766,2.390567255516679,7.255425535351387,0.007534309203415317,7.2629598445548025,0.8502165198884024,0.9912162029485968,0.007534309203415317,0.0,0.7518248175182481,103.0,True,115,irregular,hold_window_satisfied,91,41,not_timeout,True,0.41849148418491483
11.0,66.80452397252857,True,rectangle_irregular.yaml,0.9847222222222223,True,3.915574883308374,26.217947291633077,rectangle,121.0,0.006417259318676217,CONVERGED,0.0,none,0.016542610695416397,0.0035764350148580755,True,9.547623492835001,6.0731385429571425,6.257356106360768,0.0634457244987552,1.0,0.03333333333333333,0.0,0.46484472427130163,0.8500000010002782,0.6000253922844693,0.47401593055875324,0.4331955922865014,2.383449753784827,6.250938847042091,0.006417259318676217,6.257356106360768,0.7738287259887068,0.991775338240096,0.006417259318676217,0.0,0.8512396694214877,103.0,True,114,irregular,hold_window_satisfied,76,35,not_timeout,True,0.39462809917355374
11.0,82.73677970554076,True,rectangle_irregular.yaml,0.9902777777777778,True,3.7995151148525803,26.30286553468233,rectangle,125.0,0.008005609915986601,CONVERGED,0.0,none,0.025451522096474718,0.0034922366706170234,True,9.988642840222509,7.5215254277764325,7.811663339616955,0.13353969132162366,1.0,0.06666666666666667,0.0,0.5514831928896007,0.8500000009999994,1.1142823570059908,0.7155849304103334,0.508,2.3911695940620312,7.803657729700968,0.008005609915986601,7.811663339616955,1.0417076353323007,0.992373526815799,0.008005609915986601,0.0,0.824,103.0,True,112,irregular,hold_window_satisfied,80,42,not_timeout,True,0.508
11.0,59.30880243116606,True,rectangle_irregular.yaml,0.9902777777777778,True,3.8794544298447504,26.01948224507757,rectangle,101.0,0.001936751780506549,CONVERGED,0.0,none,0.004335877844819103,0.0011354429133908768,True,7.5887350231511475,5.3917093119241875,5.6719708039668735,0.1687813418215621,0.18,0.10166666666666667,0.0,0.4896229600774436,0.8500000027292997,1.8886553887190307,0.9333401248119451,0.43564356435643564,2.3654074768252364,5.670034052186367,0.001936751780506549,5.6719708039668735,1.311482985598901,0.9985254129160791,0.001936751780506549,0.0,0.1782178217821782,18.0,True,116,irregular,hold_window_satisfied,64,32,not_timeout,True,0.4315181518151815
11.0,49.62526017743783,True,rectangle_irregular.yaml,0.9888888888888889,True,4.026091469743288,25.921956001235124,rectangle,113.0,0.008379260320590215,CONVERGED,0.0,none,0.024690961944718516,0.004147861347785734,True,8.70828801787138,4.511387288857985,5.120687795639049,0.07404224583686851,1.0,0.043333333333333335,0.0,0.365751746324663,0.8500000010001086,2.1412969959611683,1.0660350200447914,0.31710914454277284,2.356541454657741,5.1123085353184585,0.008379260320590215,5.120687795639049,0.8503437790997636,0.9902421852728601,0.008379260320590215,0.0,0.5398230088495575,61.0,True,117,irregular,hold_window_satisfied,72,33,not_timeout,True,0.31710914454277284
11.0,72.718869738843,True,rectangle_irregular.yaml,0.9055555555555556,True,3.9314826746209692,26.122435011661068,rectangle,400.0,1.4148905975320636,TIMEOUT,inf,TIMEOUT,4.69263491625272,0.4286466811596467,True,11.737926108402393,6.610806339894818,7.028095170655429,1.0922845880729133e-14,1.0,0.0,0.0,0.1432071971578744,0.8500000009999981,0.7324608795758707,0.41957883676131935,0.20958333333333334,2.374766819241918,5.613204573123365,1.4148905975320636,7.028095170655429,0.0,0.0,1.4148905975320636,0.0,0.985,394.0,False,111,irregular,maximum_steps_reached,,43,structural_safety_pin,True,0.12729166666666666
11.0,61.82964572369456,True,rectangle_irregular.yaml,0.9888888888888889,True,4.051442288624417,26.497821616495017,rectangle,115.0,0.0034567023626319087,CONVERGED,0.0,none,0.00789741755262314,0.0021469906679058184,True,8.921878101524715,5.620876883972233,6.157814060042401,0.12795442082927636,0.98,0.085,0.0,0.44821251275455587,0.8500000010402248,1.6912952702658997,0.4496474738470013,0.4007246376811594,2.4088928742268223,6.154357357679769,0.0034567023626319087,6.157814060042401,1.2062979717094557,0.9971426418622574,0.0034567023626319087,0.0,0.48695652173913045,56.0,True,118,irregular,hold_window_satisfied,77,37,not_timeout,True,0.3963768115942029
11.0,68.925079276079,True,rectangle_irregular.yaml,0.9958333333333333,True,3.819360912817972,25.44854750174298,rectangle,123.0,0.008131828858458319,CONVERGED,0.0,none,0.02222217207703575,0.003917317989472548,True,9.719068247089506,6.265916297825364,6.84676636290991,0.13071830873553494,1.0,0.07166666666666667,0.0,0.467944422846665,0.8500000009999988,1.5339738230697841,1.031747379752689,0.4241192411924119,2.3135043183402715,6.838634534051452,0.008131828858458319,6.84676636290991,1.1127636064381754,0.9927452386704506,0.008131828858458319,0.0,0.7804878048780488,96.0,True,119,irregular,hold_window_satisfied,81,41,not_timeout,True,0.40989159891598914
11.0,80.3669087645765,True,rectangle_irregular.yaml,0.9013888888888889,True,3.791171262501421,26.335004402713103,rectangle,400.0,0.8821442248475572,TIMEOUT,inf,TIMEOUT,2.920982430041617,0.2837527438608226,True,11.042955332125938,7.3060826149614995,7.503375501733416,9.795775057301534e-15,1.0,0.0,0.0,0.16149604883284008,0.8500000009309561,0.6000000009348323,0.41984208913813137,0.22354166666666667,2.3940913093375578,6.621231276885859,0.8821442248475572,7.503375501733416,0.0,0.0,0.8821442248475572,0.0,0.9025,361.0,False,109,irregular,maximum_steps_reached,,40,structural_safety_pin,True,0.148125
11.0,64.09621399835596,True,rectangle_irregular.yaml,0.825,True,3.891392982342189,25.99385566210279,rectangle,400.0,1.652783160123166,TIMEOUT,inf,TIMEOUT,4.464877498818441,0.7317394591204003,True,9.673653871034093,5.826928545305088,6.109074031178728,4.298697343763137e-14,1.0,0.0,0.0,0.11972225455108017,0.8500000009999981,0.6000000009058953,0.6684103178790219,0.2608333333333333,2.36307778746389,4.456290871055562,1.652783160123166,6.109074031178728,0.0,0.0,1.652783160123166,0.0,0.9575,383.0,False,104,irregular,maximum_steps_reached,,37,structural_safety_pin,True,0.10354166666666667
