pair,source,seed,run_success,run_error,episode_status,method_status,boundary_v2_status,resource_status,coverage_ratio,max_euclidean_boundary_distance,radial_deployment_error,angular_uniformity_error,minimum_inter_guider_distance,guide_crowd_safety_violation_count,active_guide_count,periodic_max_arc_gap,episode_final_tracking_rmse,safety_projected_steps,safety_infeasible_steps
circle,synthetic,0,True,,BOUNDARY_INVALID,diagnostic_only,BOUNDARY_INVALID,RESOURCE_SKIPPED_BOUNDARY_INVALID,1.0,1.1865212270972971,0.4567665237454273,0.11111111111111156,1.5137121808888132,0.0,0.0,,,0.0,0.0
circle,jupedsim,0,True,,CONVERGED,converged_pr5_safety_filtered_episode,VALID,VALID,0.9361111111111111,1.4966709641636777,0.45940256221141346,0.30405796597073237,1.185105790121335,0.0,8.0,2.2205944453317024,0.010867881067454593,34.0,0.0
circle,synthetic,1,True,,BOUNDARY_INVALID,diagnostic_only,BOUNDARY_INVALID,RESOURCE_SKIPPED_BOUNDARY_INVALID,0.9472222222222222,1.4287554808209855,0.42166014106526467,0.055555555555556205,1.4948753674665225,0.0,0.0,,,0.0,0.0
circle,jupedsim,1,True,,BOUNDARY_INVALID,diagnostic_only,BOUNDARY_INVALID,RESOURCE_SKIPPED_BOUNDARY_INVALID,1.0,1.1761396382119207,0.5100581418633182,0.08333333333333381,1.5424822938674558,0.0,0.0,,,0.0,0.0
circle,synthetic,2,True,,CONVERGED,converged_pr5_safety_filtered_episode,VALID,VALID,0.9361111111111111,1.5518415537173038,0.6029527490921794,0.3203053928281845,1.0019816092675065,0.0,8.0,2.1916300608312014,0.004953987860939457,35.0,0.0
circle,jupedsim,2,True,,CONVERGED,converged_pr5_safety_filtered_episode,VALID,VALID,0.925,1.5934983135387586,0.3923006043502168,0.33284523735400107,1.1053188005140906,0.0,8.0,2.2383849388674726,0.0023807222679023917,35.0,0.0
circle,synthetic,3,True,,BOUNDARY_INVALID,diagnostic_only,BOUNDARY_INVALID,RESOURCE_SKIPPED_BOUNDARY_INVALID,0.9958333333333333,1.2783871923569212,0.45955695317108775,0.08333333333333368,1.5570848872333738,0.0,0.0,,,0.0,0.0
circle,jupedsim,3,True,,CONVERGED,converged_pr5_safety_filtered_episode,VALID,VALID,0.9125,1.554530287663705,0.34084221291942773,0.3481349698851892,1.0376897973884884,0.0,8.0,2.235748356968566,0.002906318582690462,36.0,0.0
circle,synthetic,4,True,,CONVERGED,converged_pr5_safety_filtered_episode,VALID,VALID,0.9236111111111112,1.641793278468325,0.29090885105869047,0.32625373232664373,0.9980601752245011,0.0,8.0,2.194454571371688,0.004724894247806912,35.0,0.0
circle,jupedsim,4,True,,CONVERGED,converged_pr5_safety_filtered_episode,VALID,VALID,0.9319444444444445,1.5338543779788978,0.43724804159854397,0.31608955633835306,1.1222037098079538,0.0,8.0,2.238782676229812,0.0024720726973871702,33.0,0.0
circle,synthetic,5,True,,BOUNDARY_INVALID,diagnostic_only,BOUNDARY_INVALID,RESOURCE_SKIPPED_BOUNDARY_INVALID,0.9833333333333333,1.3787607178019665,0.4448019979822684,0.0555555555555556,1.490385186469792,0.0,0.0,,,0.0,0.0
circle,jupedsim,5,True,,CONVERGED,converged_pr5_safety_filtered_episode,VALID,VALID,0.9263888888888889,1.5503867194013337,0.44850658008744476,0.32566973634923885,0.998443674737975,0.0,8.0,2.2049907891218865,0.002293899621463035,35.0,0.0
circle,synthetic,6,True,,BOUNDARY_INVALID,diagnostic_only,BOUNDARY_INVALID,RESOURCE_SKIPPED_BOUNDARY_INVALID,1.0,1.2103785876175068,0.4055866458081267,0.027777777777778418,1.669674065145827,0.0,0.0,,,0.0,0.0
circle,jupedsim,6,True,,CONVERGED,converged_pr5_safety_filtered_episode,VALID,VALID,0.9236111111111112,1.496519914936159,0.5013473383471296,0.32339175882270355,1.1511974832458467,0.0,8.0,2.243475393054883,0.005746981642313922,34.0,0.0
circle,synthetic,7,True,,BOUNDARY_INVALID,diagnostic_only,BOUNDARY_INVALID,RESOURCE_SKIPPED_BOUNDARY_INVALID,0.9972222222222222,1.2653002286336221,0.44071226650526923,0.08333333333333345,1.4812814525117337,0.0,0.0,,,0.0,0.0
circle,jupedsim,7,True,,CONVERGED,converged_pr5_safety_filtered_episode,VALID,VALID,0.9263888888888889,1.4607054667489814,0.47190942445855805,0.31862111802394283,1.2107765553057874,0.0,8.0,2.2375837855390426,0.0018572680917369033,35.0,0.0
circle,synthetic,8,True,,CONVERGED,converged_pr5_safety_filtered_episode,VALID,VALID,0.9180555555555555,1.690486118746318,0.42690185172378153,0.32650986419400235,0.9212308264465973,0.0,7.0,2.45367803059783,0.0022262741315938928,11.0,0.0
circle,jupedsim,8,True,,TIMEOUT,diagnostic_only,VALID,VALID,0.9,1.8380668199743793,0.32815010276030326,0.33767572127769374,0.9613612056821785,0.0,7.0,2.408462010811819,0.08381398127247759,400.0,0.0
circle,synthetic,9,True,,BOUNDARY_INVALID,diagnostic_only,BOUNDARY_INVALID,RESOURCE_SKIPPED_BOUNDARY_INVALID,0.9888888888888889,1.344543521634638,0.46701194769183196,0.1388888888888892,1.4053686562082095,0.0,0.0,,,0.0,0.0
circle,jupedsim,9,True,,CONVERGED,converged_pr5_safety_filtered_episode,VALID,VALID,0.9305555555555556,1.501165287380173,0.5621748363129635,0.32409774695950316,0.97207178966161,0.0,8.0,2.2476293864323758,0.005419169072551914,34.0,0.0
circle,synthetic,10,True,,TIMEOUT,diagnostic_only,VALID,VALID,0.9388888888888889,1.612985705985924,0.3582378911450938,0.28216334546562316,0.7850494417437318,0.0,7.0,2.3654442670549667,0.0543301682357088,400.0,0.0
circle,jupedsim,10,True,,CONVERGED,converged_pr5_safety_filtered_episode,VALID,VALID,0.9013888888888889,1.5951639275909593,0.5554393265003118,0.36470159030648813,1.0300055163086026,0.0,8.0,2.252424411954296,0.005393276109543433,36.0,0.0
circle,synthetic,11,True,,BOUNDARY_INVALID,diagnostic_only,BOUNDARY_INVALID,RESOURCE_SKIPPED_BOUNDARY_INVALID,1.0,1.172061057338188,0.38391139877183633,0.027777777777778245,1.64142943377148,0.0,0.0,,,0.0,0.0
circle,jupedsim,11,True,,CONVERGED,converged_pr5_safety_filtered_episode,VALID,VALID,0.9236111111111112,1.5693795986877583,0.5411285652341865,0.32482829740630176,1.0584913967559528,0.0,8.0,2.241113960834495,0.0018975698403259286,20.0,0.0
circle,synthetic,12,True,,BOUNDARY_INVALID,diagnostic_only,BOUNDARY_INVALID,RESOURCE_SKIPPED_BOUNDARY_INVALID,0.9944444444444445,1.2947737516328932,0.5592634573219634,0.11111111111111138,1.267801100084546,0.0,0.0,,,0.0,0.0
circle,jupedsim,12,True,,CONVERGED,converged_pr5_safety_filtered_episode,VALID,VALID,0.9166666666666666,1.541358771514882,0.41037561849555565,0.34135468742662833,0.996286698597134,0.0,8.0,2.1902157516549146,0.002298716858391183,35.0,0.0
circle,synthetic,13,True,,CONVERGED,converged_pr5_safety_filtered_episode,VALID,VALID,0.9277777777777778,1.568745524689766,0.48420855631404364,0.31892220605696076,1.0339488471801535,0.0,8.0,2.241322317075097,0.0022494568240611496,35.0,0.0
circle,jupedsim,13,True,,CONVERGED,converged_pr5_safety_filtered_episode,VALID,VALID,0.9194444444444444,1.5915657936684722,0.44214145496059415,0.33574311068000406,1.0773599905185403,0.0,8.0,2.250651855356809,0.002780489010855321,34.0,0.0
circle,synthetic,14,True,,TIMEOUT,diagnostic_only,VALID,VALID,0.8944444444444445,1.794260044690031,0.5026266303279456,0.31707968133479986,0.998708470824454,0.0,7.0,2.298428118496229,0.2661754330822993,400.0,0.0
circle,jupedsim,14,True,,CONVERGED,converged_pr5_safety_filtered_episode,VALID,VALID,0.925,1.4966363075347173,0.4453923946588482,0.3598089413681363,0.868968036519403,0.0,8.0,2.2338357332896237,0.0021323112794814003,35.0,0.0
circle,synthetic,15,True,,BOUNDARY_INVALID,diagnostic_only,BOUNDARY_INVALID,RESOURCE_SKIPPED_BOUNDARY_INVALID,0.9916666666666667,1.3361497770792008,0.3694229289885949,0.11111111111111131,1.4873964885305122,0.0,0.0,,,0.0,0.0
circle,jupedsim,15,True,,BOUNDARY_INVALID,diagnostic_only,BOUNDARY_INVALID,RESOURCE_SKIPPED_BOUNDARY_INVALID,1.0,1.2266791113265167,0.45061813922079974,0.08333333333333388,1.539438572251626,0.0,0.0,,,0.0,0.0
circle,synthetic,16,True,,BOUNDARY_INVALID,diagnostic_only,BOUNDARY_INVALID,RESOURCE_SKIPPED_BOUNDARY_INVALID,1.0,1.2138318468518117,0.37616315901779646,0.08333333333333329,1.5453529626427924,0.0,0.0,,,0.0,0.0
circle,jupedsim,16,True,,CONVERGED,converged_pr5_safety_filtered_episode,VALID,VALID,0.9333333333333333,1.5369762884652203,0.4533876577754589,0.3048683310417705,0.9891076774654173,0.0,8.0,2.2399227083660573,0.0020738101071350666,7.0,0.0
circle,synthetic,17,True,,CONVERGED,converged_pr5_safety_filtered_episode,VALID,VALID,0.9402777777777778,1.4863470718680765,0.5076306647612666,0.2770935673636569,0.8990969376367284,0.0,8.0,2.190848083937283,0.0027165333335431078,33.0,0.0
circle,jupedsim,17,True,,BOUNDARY_INVALID,diagnostic_only,BOUNDARY_INVALID,RESOURCE_SKIPPED_BOUNDARY_INVALID,1.0,1.1876022178346024,0.44336391522398144,0.055555555555555886,1.6120615011306796,0.0,0.0,,,0.0,0.0
circle,synthetic,18,True,,BOUNDARY_INVALID,diagnostic_only,BOUNDARY_INVALID,RESOURCE_SKIPPED_BOUNDARY_INVALID,0.9958333333333333,1.2792707992197834,0.5317168127744115,0.11111111111111181,1.3257155999686734,0.0,0.0,,,0.0,0.0
circle,jupedsim,18,True,,CONVERGED,converged_pr5_safety_filtered_episode,VALID,VALID,0.9361111111111111,1.5468028033542796,0.5331512043806178,0.31433361447499697,0.9578484809613568,0.0,8.0,2.1984927516746833,0.0022639798949580553,36.0,0.0
circle,synthetic,19,True,,BOUNDARY_INVALID,diagnostic_only,BOUNDARY_INVALID,RESOURCE_SKIPPED_BOUNDARY_INVALID,0.9638888888888889,1.3894431628779687,0.4959866383961808,0.08333333333333402,1.594281244850504,0.0,0.0,,,0.0,0.0
circle,jupedsim,19,True,,BOUNDARY_INVALID,diagnostic_only,BOUNDARY_INVALID,RESOURCE_SKIPPED_BOUNDARY_INVALID,1.0,1.1626168752053212,0.3944145211585027,0.0833333333333337,1.574451614229556,0.0,0.0,,,0.0,0.0
ellipse,synthetic,0,True,,CONVERGED,converged_pr5_safety_filtered_episode,VALID,VALID,0.8847222222222222,1.7406591673845102,0.43906535785410367,0.43067653892738433,0.7686857725200439,0.0,8.0,2.210917105761487,0.0022112132044045745,37.0,0.0
ellipse,jupedsim,0,True,,BOUNDARY_INVALID,diagnostic_only,BOUNDARY_INVALID,RESOURCE_SKIPPED_BOUNDARY_INVALID,1.0,1.2050527851019692,0.42252695582326066,0.0833333333333342,1.349793076783636,0.0,0.0,,,0.0,0.0
ellipse,synthetic,1,True,,CONVERGED,converged_pr5_safety_filtered_episode,VALID,VALID,0.9513888888888888,1.5345066672146386,0.49111688435018114,0.302861201478466,0.9218502081834486,0.0,7.0,2.382149450426308,0.0038640270896988776,32.0,0.0
ellipse,jupedsim,1,True,,CONVERGED,converged_pr5_safety_filtered_episode,VALID,VALID,0.9236111111111112,1.6240313464636795,0.4990224181435927,0.3525707840263322,0.8052776303455622,0.0,8.0,2.1974841520087534,0.002339848804565738,32.0,0.0
ellipse,synthetic,2,True,,CONVERGED,converged_pr5_safety_filtered_episode,VALID,VALID,0.8861111111111111,1.8930165666729366,0.5084833444065399,0.31214623822048626,0.9484285371432257,0.0,7.0,2.4707650044217697,0.0021553020637678014,37.0,0.0
ellipse,jupedsim,2,True,,CONVERGED,converged_pr5_safety_filtered_episode,VALID,VALID,0.9722222222222222,1.3748283975410827,0.569320340370072,0.2872715839723814,1.0503865940100214,0.0,8.0,2.194512000223229,0.0026928293132273073,35.0,0.0
ellipse,synthetic,3,True,,BOUNDARY_INVALID,diagnostic_only,BOUNDARY_INVALID,RESOURCE_SKIPPED_BOUNDARY_INVALID,0.9791666666666666,1.4220446621202485,0.474390472585743,0.05555555555555543,1.4262032153268671,0.0,0.0,,,0.0,0.0
ellipse,jupedsim,3,True,,BOUNDARY_INVALID,diagnostic_only,BOUNDARY_INVALID,RESOURCE_SKIPPED_BOUNDARY_INVALID,1.0,1.2331824068450217,0.4540562711264344,0.11111111111111138,1.6221865043718473,0.0,0.0,,,0.0,0.0
ellipse,synthetic,4,True,,BOUNDARY_INVALID,diagnostic_only,BOUNDARY_INVALID,RESOURCE_SKIPPED_BOUNDARY_INVALID,0.9861111111111112,1.3821838160706899,0.32931709621125976,0.05555555555555575,1.6269467473472663,0.0,0.0,,,0.0,0.0
ellipse,jupedsim,4,True,,BOUNDARY_INVALID,diagnostic_only,BOUNDARY_INVALID,RESOURCE_SKIPPED_BOUNDARY_INVALID,0.9916666666666667,1.319811485671333,0.46925127729603716,0.027777777777778526,1.5052365181117495,0.0,0.0,,,0.0,0.0
ellipse,synthetic,5,True,,BOUNDARY_INVALID,diagnostic_only,BOUNDARY_INVALID,RESOURCE_SKIPPED_BOUNDARY_INVALID,1.0,1.2431390735377246,0.4476471817189642,0.11111111111111173,1.4917724798814604,0.0,0.0,,,0.0,0.0
ellipse,jupedsim,5,True,,CONVERGED,converged_pr5_safety_filtered_episode,VALID,VALID,0.9291666666666667,1.7030357824894844,0.5253290408762625,0.3360834805385785,0.8230794681574394,0.0,7.0,2.481168322328516,0.0050049337913512645,34.0,0.0
ellipse,synthetic,6,True,,BOUNDARY_INVALID,diagnostic_only,BOUNDARY_INVALID,RESOURCE_SKIPPED_BOUNDARY_INVALID,1.0,1.2185767596321901,0.5837795888185789,0.08333333333333398,1.5870188905488403,0.0,0.0,,,0.0,0.0
ellipse,jupedsim,6,True,,BOUNDARY_INVALID,diagnostic_only,BOUNDARY_INVALID,RESOURCE_SKIPPED_BOUNDARY_INVALID,1.0,1.1791488900721085,0.566352346537923,0.05555555555555645,1.179341915344073,0.0,0.0,,,0.0,0.0
ellipse,synthetic,7,True,,BOUNDARY_INVALID,diagnostic_only,BOUNDARY_INVALID,RESOURCE_SKIPPED_BOUNDARY_INVALID,0.9791666666666666,1.381270636334232,0.46828105560238137,0.08333333333333377,1.4524309446885832,0.0,0.0,,,0.0,0.0
ellipse,jupedsim,7,True,,CONVERGED,converged_pr5_safety_filtered_episode,VALID,VALID,0.9541666666666667,1.4990382518516925,0.6316267111010632,0.3222962437304411,0.7872144824917274,0.0,7.0,2.4920248786129644,0.002556445525351508,33.0,0.0
ellipse,synthetic,8,True,,CONVERGED,converged_pr5_safety_filtered_episode,VALID,VALID,0.9055555555555556,1.9521845779326983,0.45863327819343197,0.2435625841917512,1.1985841653411036,0.0,7.0,2.361975213092089,0.017758131303045436,37.0,0.0
ellipse,jupedsim,8,True,,CONVERGED,converged_pr5_safety_filtered_episode,VALID,VALID,0.95,1.4672538158790138,0.6048393309150539,0.2885448784561033,1.1783579667629502,0.0,8.0,2.217894630844375,0.0038970266271931638,34.0,0.0
ellipse,synthetic,9,True,,CONVERGED,converged_pr5_safety_filtered_episode,VALID,VALID,0.9041666666666667,1.9468522860823327,0.4615669326026644,0.23802405940733376,1.027951668178014,0.0,7.0,2.4497074222714144,0.0024198033946957265,37.0,0.0
ellipse,jupedsim,9,True,,CONVERGED,converged_pr5_safety_filtered_episode,VALID,VALID,0.9513888888888888,1.483532290269373,0.5655000235228308,0.27900310616384183,1.1380421727494716,0.0,8.0,2.2238339751613747,0.0038258041011125965,34.0,0.0
ellipse,synthetic,10,True,,BOUNDARY_INVALID,diagnostic_only,BOUNDARY_INVALID,RESOURCE_SKIPPED_BOUNDARY_INVALID,0.9916666666666667,1.2947474478911294,0.5256758686900704,0.13888888888889006,1.193953895653451,0.0,0.0,,,0.0,0.0
ellipse,jupedsim,10,True,,CONVERGED,converged_pr5_safety_filtered_episode,VALID,VALID,0.9611111111111111,1.596468640453528,0.5775284983735286,0.3237336897114951,1.0570285151186085,0.0,8.0,2.1974652379395607,0.0017651835595454365,34.0,0.0
ellipse,synthetic,11,True,,BOUNDARY_INVALID,diagnostic_only,BOUNDARY_INVALID,RESOURCE_SKIPPED_BOUNDARY_INVALID,0.9944444444444445,1.2994726047896001,0.4736292941801848,0.08333333333333373,1.524343749716316,0.0,0.0,,,0.0,0.0
ellipse,jupedsim,11,True,,CONVERGED,converged_pr5_safety_filtered_episode,VALID,VALID,0.925,1.809119695451635,0.49149945785456967,0.3905544942524103,1.0168025524989552,0.0,8.0,2.193601409405117,0.006316074669303029,36.0,0.0
ellipse,synthetic,12,True,,BOUNDARY_INVALID,diagnostic_only,BOUNDARY_INVALID,RESOURCE_SKIPPED_BOUNDARY_INVALID,0.9861111111111112,1.3714793387709436,0.5792463817762986,0.05555555555555617,1.4669832173241328,0.0,0.0,,,0.0,0.0
ellipse,jupedsim,12,True,,CONVERGED,converged_pr5_safety_filtered_episode,VALID,VALID,0.9444444444444444,1.6871301520097204,0.4476304970757203,0.29658178559298437,0.9874490000717966,0.0,8.0,2.1929474675897715,0.0020484256826497236,35.0,0.0
ellipse,synthetic,13,True,,CONVERGED,converged_pr5_safety_filtered_episode,VALID,VALID,0.9375,1.7059773068384594,0.459364109353192,0.2808796074764511,0.9029544426397904,0.0,7.0,2.4944106620410036,0.001811158688167357,11.0,0.0
ellipse,jupedsim,13,True,,CONVERGED,converged_pr5_safety_filtered_episode,VALID,VALID,0.9513888888888888,1.428220107046386,0.5524468837649684,0.30988882685218155,0.9574595737991989,0.0,8.0,2.21716976286179,0.0019371333207682988,36.0,0.0
ellipse,synthetic,14,True,,TIMEOUT,diagnostic_only,VALID,VALID,0.9194444444444444,1.5842682870053433,0.5545583664693804,0.3286249877128987,1.129492558334631,0.0,7.0,2.2557699262106876,0.14183603518392104,400.0,0.0
ellipse,jupedsim,14,True,,BOUNDARY_INVALID,diagnostic_only,BOUNDARY_INVALID,RESOURCE_SKIPPED_BOUNDARY_INVALID,0.9944444444444445,1.2821933840094066,0.5176904710172859,0.0833333333333343,1.5120500339300582,0.0,0.0,,,0.0,0.0
ellipse,synthetic,15,True,,BOUNDARY_INVALID,diagnostic_only,BOUNDARY_INVALID,RESOURCE_SKIPPED_BOUNDARY_INVALID,0.9958333333333333,1.282906013667696,0.4904258712886748,0.08333333333333409,1.3443565203760741,0.0,0.0,,,0.0,0.0
ellipse,jupedsim,15,True,,BOUNDARY_INVALID,diagnostic_only,BOUNDARY_INVALID,RESOURCE_SKIPPED_BOUNDARY_INVALID,0.9861111111111112,1.3919072111604829,0.49932517690742007,0.11111111111111156,1.6117883692739912,0.0,0.0,,,0.0,0.0
ellipse,synthetic,16,True,,BOUNDARY_INVALID,diagnostic_only,BOUNDARY_INVALID,RESOURCE_SKIPPED_BOUNDARY_INVALID,0.9791666666666666,1.389611758194088,0.4655344881354093,0.11111111111111081,1.2646706098358929,0.0,0.0,,,0.0,0.0
ellipse,jupedsim,16,True,,CONVERGED,converged_pr5_safety_filtered_episode,VALID,VALID,0.9541666666666667,1.4250543577260404,0.5267195763043405,0.28601838372231436,1.0823239663588968,0.0,8.0,2.217295492122995,0.0024613884944801588,33.0,0.0
ellipse,synthetic,17,True,,BOUNDARY_INVALID,diagnostic_only,BOUNDARY_INVALID,RESOURCE_SKIPPED_BOUNDARY_INVALID,0.9888888888888889,1.3050885861800368,0.49587530933363894,0.08333333333333325,1.1960735042468278,0.0,0.0,,,0.0,0.0
ellipse,jupedsim,17,True,,CONVERGED,converged_pr5_safety_filtered_episode,VALID,VALID,0.9708333333333333,1.401041694266071,0.5393043397727859,0.24956679556872607,1.02365172312117,0.0,8.0,2.2138841928112925,0.005570923980930954,31.0,0.0
ellipse,synthetic,18,True,,BOUNDARY_INVALID,diagnostic_only,BOUNDARY_INVALID,RESOURCE_SKIPPED_BOUNDARY_INVALID,0.9861111111111112,1.3519975034020717,0.5367191928956476,0.05555555555555599,1.5076354195047161,0.0,0.0,,,0.0,0.0
ellipse,jupedsim,18,True,,CONVERGED,converged_pr5_safety_filtered_episode,VALID,VALID,0.9625,1.4609512108213316,0.5088911817735347,0.2405972554293222,1.1805857226079874,0.0,8.0,2.2176198670609466,0.005013021604516818,33.0,0.0
ellipse,synthetic,19,True,,BOUNDARY_INVALID,diagnostic_only,BOUNDARY_INVALID,RESOURCE_SKIPPED_BOUNDARY_INVALID,0.9930555555555556,1.297711822186455,0.6248218039633403,0.08333333333333356,1.2914243319354686,0.0,0.0,,,0.0,0.0
ellipse,jupedsim,19,True,,BOUNDARY_INVALID,diagnostic_only,BOUNDARY_INVALID,RESOURCE_SKIPPED_BOUNDARY_INVALID,0.9791666666666666,1.3566751663607803,0.4141351401854425,0.08333333333333345,1.581775632608248,0.0,0.0,,,0.0,0.0
irregular,synthetic,0,True,,BOUNDARY_INVALID,diagnostic_only,BOUNDARY_INVALID,RESOURCE_SKIPPED_BOUNDARY_INVALID,0.9902777777777778,1.4339338170908067,0.5601884810052847,0.08333333333333336,1.765747121141038,0.0,0.0,,,0.0,0.0
irregular,jupedsim,0,True,,BOUNDARY_INVALID,diagnostic_only,BOUNDARY_INVALID,RESOURCE_SKIPPED_BOUNDARY_INVALID,0.9513888888888888,1.5405280570057416,0.5280240098703325,0.08333333333333381,1.5936579279074277,0.0,0.0,,,0.0,0.0
irregular,synthetic,1,True,,BOUNDARY_INVALID,diagnostic_only,BOUNDARY_INVALID,RESOURCE_SKIPPED_BOUNDARY_INVALID,0.9277777777777778,1.6324772503240186,0.5404876062473168,0.027777777777778418,1.6127559407466512,0.0,0.0,,,0.0,0.0
irregular,jupedsim,1,True,,BOUNDARY_INVALID,diagnostic_only,BOUNDARY_INVALID,RESOURCE_SKIPPED_BOUNDARY_INVALID,0.9805555555555555,1.3700344628787058,0.4707042780646418,0.055555555555556066,1.6668402930819575,0.0,0.0,,,0.0,0.0
irregular,synthetic,2,True,,TIMEOUT,diagnostic_only,VALID,VALID,0.9291666666666667,1.8442536117886277,0.5445031499265215,0.3323539142700494,1.0214269500553552,0.0,8.0,2.2962996619552563,0.15394394105741757,400.0,0.0
irregular,jupedsim,2,True,,BOUNDARY_INVALID,diagnostic_only,BOUNDARY_INVALID,RESOURCE_SKIPPED_BOUNDARY_INVALID,0.9194444444444444,1.5175029867550216,0.5480862609998737,0.055555555555556024,1.6203464832969627,0.0,0.0,,,0.0,0.0
irregular,synthetic,3,True,,BOUNDARY_INVALID,diagnostic_only,BOUNDARY_INVALID,RESOURCE_SKIPPED_BOUNDARY_INVALID,0.9416666666666667,1.6449365293100564,0.6638092869682427,0.08333333333333373,1.5330444258167433,1.0,0.0,,,0.0,0.0
irregular,jupedsim,3,True,,BOUNDARY_INVALID,diagnostic_only,BOUNDARY_INVALID,RESOURCE_SKIPPED_BOUNDARY_INVALID,0.9805555555555555,1.431071561903982,0.6168947027692462,0.08333333333333398,1.6808527085888207,0.0,0.0,,,0.0,0.0
irregular,synthetic,4,True,,TIMEOUT,diagnostic_only,VALID,VALID,0.8944444444444445,1.8521442326693376,0.44144686945934497,0.3380076562897775,1.0341683810172493,0.0,8.0,2.282460953379024,0.13267885850990957,400.0,0.0
irregular,jupedsim,4,True,,BOUNDARY_INVALID,diagnostic_only,BOUNDARY_INVALID,RESOURCE_SKIPPED_BOUNDARY_INVALID,0.9805555555555555,1.3392886081406774,0.5312823090523442,0.05555555555555617,1.7589366588578101,0.0,0.0,,,0.0,0.0
irregular,synthetic,5,True,,BOUNDARY_INVALID,diagnostic_only,BOUNDARY_INVALID,RESOURCE_SKIPPED_BOUNDARY_INVALID,0.9361111111111111,1.526479818952709,0.5094966328199776,0.05555555555555624,1.3229465285738666,0.0,0.0,,,0.0,0.0
irregular,jupedsim,5,True,,BOUNDARY_INVALID,diagnostic_only,BOUNDARY_INVALID,RESOURCE_SKIPPED_BOUNDARY_INVALID,0.9736111111111111,1.4109329677094111,0.7141688127311938,0.11111111111111109,1.7054022536136042,0.0,0.0,,,0.0,0.0
irregular,synthetic,6,True,,BOUNDARY_INVALID,diagnostic_only,BOUNDARY_INVALID,RESOURCE_SKIPPED_BOUNDARY_INVALID,0.9416666666666667,1.557140994802998,0.5577881223790694,0.08333333333333363,1.634550590574981,0.0,0.0,,,0.0,0.0
irregular,jupedsim,6,True,,CONVERGED,converged_pr5_safety_filtered_episode,VALID,VALID,0.8958333333333334,1.758632056546613,0.541096997695972,0.3023470595407124,1.104097297330755,0.0,8.0,2.4556500387155626,0.02084973803793808,38.0,0.0
irregular,synthetic,7,True,,BOUNDARY_INVALID,diagnostic_only,BOUNDARY_INVALID,RESOURCE_SKIPPED_BOUNDARY_INVALID,0.8722222222222222,1.7393148598121326,0.5444298632366805,0.08333333333333368,1.2475185272841636,0.0,0.0,,,0.0,0.0
irregular,jupedsim,7,True,,BOUNDARY_INVALID,diagnostic_only,BOUNDARY_INVALID,RESOURCE_SKIPPED_BOUNDARY_INVALID,0.9458333333333333,1.6313740429425037,0.5698885954417232,0.11111111111111152,1.8085523216910482,0.0,0.0,,,0.0,0.0
irregular,synthetic,8,True,,BOUNDARY_INVALID,diagnostic_only,BOUNDARY_INVALID,RESOURCE_SKIPPED_BOUNDARY_INVALID,0.9263888888888889,1.8506854759867701,0.5507524902022797,0.05555555555555624,1.4296816062813027,0.0,0.0,,,0.0,0.0
irregular,jupedsim,8,True,,TIMEOUT,diagnostic_only,VALID,VALID,0.9472222222222222,1.4777508213525643,0.5944262939109043,0.2739242660592817,1.0935320416521277,0.0,8.0,2.3529275275717314,0.13648393967968517,400.0,0.0
irregular,synthetic,9,True,,BOUNDARY_INVALID,diagnostic_only,BOUNDARY_INVALID,RESOURCE_SKIPPED_BOUNDARY_INVALID,0.9736111111111111,1.5477607671053577,0.4995091054677414,0.08333333333333352,1.5321362762658657,0.0,0.0,,,0.0,0.0
irregular,jupedsim,9,True,,TIMEOUT,diagnostic_only,VALID,VALID,0.8944444444444445,2.0503904006274976,0.5172709040056005,0.311827420970046,1.0198214438228608,0.0,8.0,2.3751110782559657,0.19245099737892732,400.0,0.0
irregular,synthetic,10,True,,TIMEOUT,diagnostic_only,VALID,VALID,0.8916666666666667,1.8582595205378645,0.5221537259828485,0.357274119562976,0.8547838583745601,0.0,7.0,2.3813371112020247,0.1524330156818963,400.0,0.0
irregular,jupedsim,10,True,,CONVERGED,converged_pr5_safety_filtered_episode,VALID,VALID,0.9152777777777777,1.8240636116965538,0.4934484213484385,0.279140882934283,1.18797304146002,0.0,9.0,2.2650073598349927,0.002123600646428086,38.0,0.0
irregular,synthetic,11,True,,BOUNDARY_INVALID,diagnostic_only,BOUNDARY_INVALID,RESOURCE_SKIPPED_BOUNDARY_INVALID,0.975,1.4669951662946537,0.5573093591715659,0.05555555555555592,1.4920942631316476,0.0,0.0,,,0.0,0.0
irregular,jupedsim,11,True,,BOUNDARY_INVALID,diagnostic_only,BOUNDARY_INVALID,RESOURCE_SKIPPED_BOUNDARY_INVALID,0.9666666666666667,1.4290765014183955,0.5617865248863297,0.027777777777778276,1.7216019551004933,0.0,0.0,,,0.0,0.0
irregular,synthetic,12,True,,TIMEOUT,diagnostic_only,VALID,VALID,0.8513888888888889,2.021042269449661,0.5347210589450629,0.3906374801450447,0.7525165669777288,0.0,8.0,2.224885108609822,0.14039397823528774,400.0,0.0
irregular,jupedsim,12,True,,TIMEOUT,diagnostic_only,VALID,VALID,0.8611111111111112,2.0821422595598236,0.5764805349548402,0.3369916231723599,0.7121659725677194,0.0,8.0,2.3610098379737483,0.1709851647776371,400.0,0.0
irregular,synthetic,13,True,,TIMEOUT,diagnostic_only,VALID,VALID,0.9180555555555555,1.7342137121366632,0.5709542804877735,0.30793254765472367,1.1951248341497247,0.0,8.0,2.3040350625151014,0.1924299364600532,400.0,0.0
irregular,jupedsim,13,True,,CONVERGED,converged_pr5_safety_filtered_episode,VALID,VALID,0.8486111111111111,1.9746640435873741,0.5144369718398843,0.34242877962747176,0.8936263868198606,0.0,9.0,2.2415213178860505,0.002067488086755877,41.0,0.0
irregular,synthetic,14,True,,TIMEOUT,diagnostic_only,VALID,VALID,0.7791666666666667,1.8521327442259432,0.39327644390022537,0.3183201882322339,0.9216574279806111,0.0,7.0,2.3335427187468234,0.22778651604741257,400.0,0.0
irregular,jupedsim,14,True,,BOUNDARY_INVALID,diagnostic_only,BOUNDARY_INVALID,RESOURCE_SKIPPED_BOUNDARY_INVALID,0.9541666666666667,1.5576184002773572,0.4812953250391354,0.1111111111111116,1.6408497260533466,0.0,0.0,,,0.0,0.0
irregular,synthetic,15,True,,BOUNDARY_INVALID,diagnostic_only,BOUNDARY_INVALID,RESOURCE_SKIPPED_BOUNDARY_INVALID,0.9791666666666666,1.4329616781709755,0.6595116730806604,0.027777777777778314,1.801645640872929,0.0,0.0,,,0.0,0.0
irregular,jupedsim,15,True,,BOUNDARY_INVALID,diagnostic_only,BOUNDARY_INVALID,RESOURCE_SKIPPED_BOUNDARY_INVALID,0.9652777777777778,1.4725222048839215,0.6622991049837519,0.11111111111111106,1.580965159277943,0.0,0.0,,,0.0,0.0
irregular,synthetic,16,True,,BOUNDARY_INVALID,diagnostic_only,BOUNDARY_INVALID,RESOURCE_SKIPPED_BOUNDARY_INVALID,0.9847222222222223,1.3483800371144596,0.46353660071958025,0.08333333333333363,1.504380766671405,0.0,0.0,,,0.0,0.0
irregular,jupedsim,16,True,,CONVERGED,converged_pr5_safety_filtered_episode,VALID,VALID,0.8805555555555555,1.9262396263711763,0.5030146317640144,0.3027599763033648,0.98221905484981,0.0,9.0,2.3188108771062925,0.0024467033164677194,36.0,0.0
irregular,synthetic,17,True,,BOUNDARY_INVALID,diagnostic_only,BOUNDARY_INVALID,RESOURCE_SKIPPED_BOUNDARY_INVALID,0.9472222222222222,1.562414721140848,0.5183896581589414,0.1388888888888892,1.4236127840624342,0.0,0.0,,,0.0,0.0
irregular,jupedsim,17,True,,BOUNDARY_INVALID,diagnostic_only,BOUNDARY_INVALID,RESOURCE_SKIPPED_BOUNDARY_INVALID,0.9833333333333333,1.353265825568428,0.5563735730021545,0.11111111111111156,1.7030526116833902,0.0,0.0,,,0.0,0.0
irregular,synthetic,18,True,,TIMEOUT,diagnostic_only,VALID,VALID,0.9013888888888889,1.7588425231260378,0.4906403777609558,0.3334709790525682,1.197732707785609,0.0,8.0,2.2572798403896286,0.0882109938814047,400.0,0.0
irregular,jupedsim,18,True,,TIMEOUT,diagnostic_only,VALID,VALID,0.8638888888888889,1.8525197569013638,0.4870107985016053,0.374798278413216,1.1004796419172782,0.0,8.0,2.3327291681063897,0.10763713000375838,400.0,0.0
irregular,synthetic,19,True,,BOUNDARY_INVALID,diagnostic_only,BOUNDARY_INVALID,RESOURCE_SKIPPED_BOUNDARY_INVALID,0.9402777777777778,1.8352966440710916,0.458929982719932,0.11111111111111129,1.165029183894902,0.0,0.0,,,0.0,0.0
irregular,jupedsim,19,True,,BOUNDARY_INVALID,diagnostic_only,BOUNDARY_INVALID,RESOURCE_SKIPPED_BOUNDARY_INVALID,0.9444444444444444,1.4861112630419935,0.6060118080622766,0.13888888888888798,1.4544438299831886,0.0,0.0,,,0.0,0.0
